thumb_CMC_FE,thumb_CMC_AA,thumb_MCP_FE,thumb_MCP_AA,thumb_IP,index_MCP_FE,index_MCP_AA,index_PIP,index_DIP,middle_MCP_FE,middle_MCP_AA,middle_PIP,middle_DIP,ring_MCP_FE,ring_MCP_AA,ring_PIP,ring_DIP,pinky_CMC,pinky_MCP_FE,pinky_MCP_AA,pinky_PIP,pinky_DIP
0.400000,0.000000,0.300000,0.000000,0.400000,0.300000,0.000000,0.500000,0.300000,0.300000,0.000000,0.500000,0.300000,0.300000,0.000000,0.500000,0.300000,0.100000,0.300000,0.000000,0.500000,0.300000
0.400000,0.000000,0.300000,0.000000,0.400000,0.300000,0.000000,0.500000,0.300000,0.300000,0.000000,0.500000,0.300000,0.300000,0.000000,0.500000,0.300000,0.100000,0.300000,0.000000,0.500000,0.300000
0.400000,0.000000,0.300000,0.000000,0.400000,0.300000,0.000000,0.500000,0.300000,0.300000,0.000000,0.500000,0.300000,0.300000,0.000000,0.500000,0.300000,0.100000,0.300000,0.000000,0.500000,0.300000
0.400000,0.000000,0.300000,0.000000,0.400000,0.300000,0.000000,0.500000,0.300000,0.300000,0.000000,0.500000,0.300000,0.300000,0.000000,0.500000,0.300000,0.100000,0.300000,0.000000,0.500000,0.300000
0.400000,0.000000,0.300000,0.000000,0.400000,0.300000,0.000000,0.500000,0.300000,0.300000,0.000000,0.500000,0.300000,0.300000,0.000000,0.500000,0.300000,0.100000,0.300000,0.000000,0.500000,0.300000
0.400000,0.000000,0.300000,0.000000,0.400000,0.300000,0.000000,0.500000,0.300000,0.300000,0.000000,0.500000,0.300000,0.300000,0.000000,0.500000,0.300000,0.100000,0.300000,0.000000,0.500000,0.300000
0.400000,0.000000,0.300000,0.000000,0.400000,0.300000,0.000000,0.500000,0.300000,0.300000,0.000000,0.500000,0.300000,0.300000,0.000000,0.500000,0.300000,0.100000,0.300000,0.000000,0.500000,0.300000
0.400000,0.000000,0.300000,0.000000,0.400000,0.300000,0.000000,0.500000,0.300000,0.300000,0.000000,0.500000,0.300000,0.300000,0.000000,0.500000,0.300000,0.100000,0.300000,0.000000,0.500000,0.300000
0.400000,0.000000,0.300000,0.000000,0.400000,0.300000,0.000000,0.500000,0.300000,0.300000,0.000000,0.500000,0.300000,0.300000,0.000000,0.500000,0.300000,0.100000,0.300000,0.000000,0.500000,0.300000
0.400000,0.000000,0.300000,0.000000,0.400000,0.300000,0.000000,0.500000,0.300000,0.300000,0.000000,0.500000,0.300000,0.300000,0.000000,0.500000,0.300000,0.100000,0.300000,0.000000,0.500000,0.300000
0.400000,0.000000,0.300000,0.000000,0.400000,0.300000,0.000000,0.500000,0.300000,0.300000,0.000000,0.500000,0.300000,0.300000,0.000000,0.500000,0.300000,0.100000,0.300000,0.000000,0.500000,0.300000
0.400000,0.000000,0.300000,0.000000,0.400000,0.300000,0.000000,0.500000,0.300000,0.300000,0.000000,0.500000,0.300000,0.300000,0.000000,0.500000,0.300000,0.100000,0.300000,0.000000,0.500000,0.300000
0.400000,0.000000,0.300000,0.000000,0.400000,0.300000,0.000000,0.500000,0.300000,0.300000,0.000000,0.500000,0.300000,0.300000,0.000000,0.500000,0.300000,0.100000,0.300000,0.000000,0.500000,0.300000
0.400000,0.000000,0.300000,0.000000,0.400000,0.300000,0.000000,0.500000,0.300000,0.300000,0.000000,0.500000,0.300000,0.300000,0.000000,0.500000,0.300000,0.100000,0.300000,0.000000,0.500000,0.300000
0.400000,0.000000,0.300000,0.000000,0.400000,0.300000,0.000000,0.500000,0.300000,0.300000,0.000000,0.500000,0.300000,0.300000,0.000000,0.500000,0.300000,0.100000,0.300000,0.000000,0.500000,0.300000
0.400000,0.000000,0.300000,0.000000,0.400000,0.300000,0.000000,0.500000,0.300000,0.300000,0.000000,0.500000,0.300000,0.300000,0.000000,0.500000,0.300000,0.100000,0.300000,0.000000,0.500000,0.300000
0.400000,0.000000,0.300000,0.000000,0.400000,0.300000,0.000000,0.500000,0.300000,0.300000,0.000000,0.500000,0.300000,0.300000,0.000000,0.500000,0.300000,0.100000,0.300000,0.000000,0.500000,0.300000
0.400000,0.000000,0.300000,0.000000,0.400000,0.300000,0.000000,0.500000,0.300000,0.300000,0.000000,0.500000,0.300000,0.300000,0.000000,0.500000,0.300000,0.100000,0.300000,0.000000,0.500000,0.300000
0.400000,0.000000,0.300000,0.000000,0.400000,0.300000,0.000000,0.500000,0.300000,0.300000,0.000000,0.500000,0.300000,0.300000,0.000000,0.500000,0.300000,0.100000,0.300000,0.000000,0.500000,0.300000
0.400000,0.000000,0.300000,0.000000,0.400000,0.300000,0.000000,0.500000,0.300000,0.300000,0.000000,0.500000,0.300000,0.300000,0.000000,0.500000,0.300000,0.100000,0.300000,0.000000,0.500000,0.300000
0.400000,0.000000,0.300000,0.000000,0.400000,0.300000,0.000000,0.500000,0.300000,0.300000,0.000000,0.500000,0.300000,0.300000,0.000000,0.500000,0.300000,0.100000,0.300000,0.000000,0.500000,0.300000
0.400000,0.000000,0.300000,0.000000,0.400000,0.300000,0.000000,0.500000,0.300000,0.300000,0.000000,0.500000,0.300000,0.300000,0.000000,0.500000,0.300000,0.100000,0.300000,0.000000,0.500000,0.300000
0.400000,0.000000,0.300000,0.000000,0.400000,0.300000,0.000000,0.500000,0.300000,0.300000,0.000000,0.500000,0.300000,0.300000,0.000000,0.500000,0.300000,0.100000,0.300000,0.000000,0.500000,0.300000
0.400000,0.000000,0.300000,0.000000,0.400000,0.300000,0.000000,0.500000,0.300000,0.300000,0.000000,0.500000,0.300000,0.300000,0.000000,0.500000,0.300000,0.100000,0.300000,0.000000,0.500000,0.300000
0.400000,0.000000,0.300000,0.000000,0.400000,0.300000,0.000000,0.500000,0.300000,0.300000,0.000000,0.500000,0.300000,0.300000,0.000000,0.500000,0.300000,0.100000,0.300000,0.000000,0.500000,0.300000
0.400000,0.000000,0.300000,0.000000,0.400000,0.300000,0.000000,0.500000,0.300000,0.300000,0.000000,0.500000,0.300000,0.300000,0.000000,0.500000,0.300000,0.100000,0.300000,0.000000,0.500000,0.300000
0.400000,0.000000,0.300000,0.000000,0.400000,0.300000,0.000000,0.500000,0.300000,0.300000,0.000000,0.500000,0.300000,0.300000,0.000000,0.500000,0.300000,0.100000,0.300000,0.000000,0.500000,0.300000
0.400000,0.000000,0.300000,0.000000,0.400000,0.300000,0.000000,0.500000,0.300000,0.300000,0.000000,0.500000,0.300000,0.300000,0.000000,0.500000,0.300000,0.100000,0.300000,0.000000,0.500000,0.300000
0.400000,0.000000,0.300000,0.000000,0.400000,0.300000,0.000000,0.500000,0.300000,0.300000,0.000000,0.500000,0.300000,0.300000,0.000000,0.500000,0.300000,0.100000,0.300000,0.000000,0.500000,0.300000
0.400000,0.000000,0.300000,0.000000,0.400000,0.300000,0.000000,0.500000,0.300000,0.300000,0.000000,0.500000,0.300000,0.300000,0.000000,0.500000,0.300000,0.100000,0.300000,0.000000,0.500000,0.300000
0.400000,0.000000,0.300000,0.000000,0.400000,0.300000,0.000000,0.500000,0.300000,0.300000,0.000000,0.500000,0.300000,0.300000,0.000000,0.500000,0.300000,0.100000,0.300000,0.000000,0.500000,0.300000
0.400000,0.000000,0.300000,0.000000,0.400000,0.300000,0.000000,0.500000,0.300000,0.300000,0.000000,0.500000,0.300000,0.300000,0.000000,0.500000,0.300000,0.100000,0.300000,0.000000,0.500000,0.300000
0.400000,0.000000,0.300000,0.000000,0.400000,0.300000,0.000000,0.500000,0.300000,0.300000,0.000000,0.500000,0.300000,0.300000,0.000000,0.500000,0.300000,0.100000,0.300000,0.000000,0.500000,0.300000
0.400000,0.000000,0.300000,0.000000,0.400000,0.300000,0.000000,0.500000,0.300000,0.300000,0.000000,0.500000,0.300000,0.300000,0.000000,0.500000,0.300000,0.100000,0.300000,0.000000,0.500000,0.300000
0.400000,0.000000,0.300000,0.000000,0.400000,0.300000,0.000000,0.500000,0.300000,0.300000,0.000000,0.500000,0.300000,0.300000,0.000000,0.500000,0.300000,0.100000,0.300000,0.000000,0.500000,0.300000
0.400000,0.000000,0.300000,0.000000,0.400000,0.300000,0.000000,0.500000,0.300000,0.300000,0.000000,0.500000,0.300000,0.300000,0.000000,0.500000,0.300000,0.100000,0.300000,0.000000,0.500000,0.300000
0.400000,0.000000,0.300000,0.000000,0.400000,0.300000,0.000000,0.500000,0.300000,0.300000,0.000000,0.500000,0.300000,0.300000,0.000000,0.500000,0.300000,0.100000,0.300000,0.000000,0.500000,0.300000
0.400000,0.000000,0.300000,0.000000,0.400000,0.300000,0.000000,0.500000,0.300000,0.300000,0.000000,0.500000,0.300000,0.300000,0.000000,0.500000,0.300000,0.100000,0.300000,0.000000,0.500000,0.300000
0.400000,0.000000,0.300000,0.000000,0.400000,0.300000,0.000000,0.500000,0.300000,0.300000,0.000000,0.500000,0.300000,0.300000,0.000000,0.500000,0.300000,0.100000,0.300000,0.000000,0.500000,0.300000
0.400000,0.000000,0.300000,0.000000,0.400000,0.300000,0.000000,0.500000,0.300000,0.300000,0.000000,0.500000,0.300000,0.300000,0.000000,0.500000,0.300000,0.100000,0.300000,0.000000,0.500000,0.300000
0.400000,0.000000,0.300000,0.000000,0.400000,0.300000,0.000000,0.500000,0.300000,0.300000,0.000000,0.500000,0.300000,0.300000,0.000000,0.500000,0.300000,0.100000,0.300000,0.000000,0.500000,0.300000
0.400000,0.000000,0.300000,0.000000,0.400000,0.300000,0.000000,0.500000,0.300000,0.300000,0.000000,0.500000,0.300000,0.300000,0.000000,0.500000,0.300000,0.100000,0.300000,0.000000,0.500000,0.300000
0.400000,0.000000,0.300000,0.000000,0.400000,0.300000,0.000000,0.500000,0.300000,0.300000,0.000000,0.500000,0.300000,0.300000,0.000000,0.500000,0.300000,0.100000,0.300000,0.000000,0.500000,0.300000
0.400000,0.000000,0.300000,0.000000,0.400000,0.300000,0.000000,0.500000,0.300000,0.300000,0.000000,0.500000,0.300000,0.300000,0.000000,0.500000,0.300000,0.100000,0.300000,0.000000,0.500000,0.300000
0.400000,0.000000,0.300000,0.000000,0.400000,0.300000,0.000000,0.500000,0.300000,0.300000,0.000000,0.500000,0.300000,0.300000,0.000000,0.500000,0.300000,0.100000,0.300000,0.000000,0.500000,0.300000
0.400000,0.000000,0.300000,0.000000,0.400000,0.300000,0.000000,0.500000,0.300000,0.300000,0.000000,0.500000,0.300000,0.300000,0.000000,0.500000,0.300000,0.100000,0.300000,0.000000,0.500000,0.300000
0.400000,0.000000,0.300000,0.000000,0.400000,0.300000,0.000000,0.500000,0.300000,0.300000,0.000000,0.500000,0.300000,0.300000,0.000000,0.500000,0.300000,0.100000,0.300000,0.000000,0.500000,0.300000
0.400000,0.000000,0.300000,0.000000,0.400000,0.300000,0.000000,0.500000,0.300000,0.300000,0.000000,0.500000,0.300000,0.300000,0.000000,0.500000,0.300000,0.100000,0.300000,0.000000,0.500000,0.300000
0.400000,0.000000,0.300000,0.000000,0.400000,0.300000,0.000000,0.500000,0.300000,0.300000,0.000000,0.500000,0.300000,0.300000,0.000000,0.500000,0.300000,0.100000,0.300000,0.000000,0.500000,0.300000
0.400000,0.000000,0.300000,0.000000,0.400000,0.300000,0.000000,0.500000,0.300000,0.300000,0.000000,0.500000,0.300000,0.300000,0.000000,0.500000,0.300000,0.100000,0.300000,0.000000,0.500000,0.300000
0.400000,0.000000,0.300000,0.000000,0.400000,0.300000,0.000000,0.500000,0.300000,0.300000,0.000000,0.500000,0.300000,0.300000,0.000000,0.500000,0.300000,0.100000,0.300000,0.000000,0.500000,0.300000
0.400000,0.000000,0.300000,0.000000,0.400000,0.300000,0.000000,0.500000,0.300000,0.300000,0.000000,0.500000,0.300000,0.300000,0.000000,0.500000,0.300000,0.100000,0.300000,0.000000,0.500000,0.300000
0.400000,0.000000,0.300000,0.000000,0.400000,0.300000,0.000000,0.500000,0.300000,0.300000,0.000000,0.500000,0.300000,0.300000,0.000000,0.500000,0.300000,0.100000,0.300000,0.000000,0.500000,0.300000
0.400000,0.000000,0.300000,0.000000,0.400000,0.300000,0.000000,0.500000,0.300000,0.300000,0.000000,0.500000,0.300000,0.300000,0.000000,0.500000,0.300000,0.100000,0.300000,0.000000,0.500000,0.300000
0.400000,0.000000,0.300000,0.000000,0.400000,0.300000,0.000000,0.500000,0.300000,0.300000,0.000000,0.500000,0.300000,0.300000,0.000000,0.500000,0.300000,0.100000,0.300000,0.000000,0.500000,0.300000
0.400000,0.000000,0.300000,0.000000,0.400000,0.300000,0.000000,0.500000,0.300000,0.300000,0.000000,0.500000,0.300000,0.300000,0.000000,0.500000,0.300000,0.100000,0.300000,0.000000,0.500000,0.300000
0.400000,0.000000,0.300000,0.000000,0.400000,0.300000,0.000000,0.500000,0.300000,0.300000,0.000000,0.500000,0.300000,0.300000,0.000000,0.500000,0.300000,0.100000,0.300000,0.000000,0.500000,0.300000
0.400000,0.000000,0.300000,0.000000,0.400000,0.300000,0.000000,0.500000,0.300000,0.300000,0.000000,0.500000,0.300000,0.300000,0.000000,0.500000,0.300000,0.100000,0.300000,0.000000,0.500000,0.300000
0.400000,0.000000,0.300000,0.000000,0.400000,0.300000,0.000000,0.500000,0.300000,0.300000,0.000000,0.500000,0.300000,0.300000,0.000000,0.500000,0.300000,0.100000,0.300000,0.000000,0.500000,0.300000
0.400000,0.000000,0.300000,0.000000,0.400000,0.300000,0.000000,0.500000,0.300000,0.300000,0.000000,0.500000,0.300000,0.300000,0.000000,0.500000,0.300000,0.100000,0.300000,0.000000,0.500000,0.300000
0.400000,0.000000,0.300000,0.000000,0.400000,0.300000,0.000000,0.500000,0.300000,0.300000,0.000000,0.500000,0.300000,0.300000,0.000000,0.500000,0.300000,0.100000,0.300000,0.000000,0.500000,0.300000
0.400000,0.000000,0.300000,0.000000,0.400000,0.300000,0.000000,0.500000,0.300000,0.300000,0.000000,0.500000,0.300000,0.300000,0.000000,0.500000,0.300000,0.100000,0.300000,0.000000,0.500000,0.300000
0.400000,0.000000,0.300000,0.000000,0.400000,0.300000,0.000000,0.500000,0.300000,0.300000,0.000000,0.500000,0.300000,0.300000,0.000000,0.500000,0.300000,0.100000,0.300000,0.000000,0.500000,0.300000
0.400000,0.000000,0.300000,0.000000,0.400000,0.300000,0.000000,0.500000,0.300000,0.300000,0.000000,0.500000,0.300000,0.300000,0.000000,0.500000,0.300000,0.100000,0.300000,0.000000,0.500000,0.300000
0.400000,0.000000,0.300000,0.000000,0.400000,0.300000,0.000000,0.500000,0.300000,0.300000,0.000000,0.500000,0.300000,0.300000,0.000000,0.500000,0.300000,0.100000,0.300000,0.000000,0.500000,0.300000
0.400000,0.000000,0.300000,0.000000,0.400000,0.300000,0.000000,0.500000,0.300000,0.300000,0.000000,0.500000,0.300000,0.300000,0.000000,0.500000,0.300000,0.100000,0.300000,0.000000,0.500000,0.300000
0.400000,0.000000,0.300000,0.000000,0.400000,0.300000,0.000000,0.500000,0.300000,0.300000,0.000000,0.500000,0.300000,0.300000,0.000000,0.500000,0.300000,0.100000,0.300000,0.000000,0.500000,0.300000
0.400000,0.000000,0.300000,0.000000,0.400000,0.300000,0.000000,0.500000,0.300000,0.300000,0.000000,0.500000,0.300000,0.300000,0.000000,0.500000,0.300000,0.100000,0.300000,0.000000,0.500000,0.300000
0.400000,0.000000,0.300000,0.000000,0.400000,0.300000,0.000000,0.500000,0.300000,0.300000,0.000000,0.500000,0.300000,0.300000,0.000000,0.500000,0.300000,0.100000,0.300000,0.000000,0.500000,0.300000
0.400000,0.000000,0.300000,0.000000,0.400000,0.300000,0.000000,0.500000,0.300000,0.300000,0.000000,0.500000,0.300000,0.300000,0.000000,0.500000,0.300000,0.100000,0.300000,0.000000,0.500000,0.300000
0.400000,0.000000,0.300000,0.000000,0.400000,0.300000,0.000000,0.500000,0.300000,0.300000,0.000000,0.500000,0.300000,0.300000,0.000000,0.500000,0.300000,0.100000,0.300000,0.000000,0.500000,0.300000
0.400000,0.000000,0.300000,0.000000,0.400000,0.300000,0.000000,0.500000,0.300000,0.300000,0.000000,0.500000,0.300000,0.300000,0.000000,0.500000,0.300000,0.100000,0.300000,0.000000,0.500000,0.300000
0.400000,0.000000,0.300000,0.000000,0.400000,0.300000,0.000000,0.500000,0.300000,0.300000,0.000000,0.500000,0.300000,0.300000,0.000000,0.500000,0.300000,0.100000,0.300000,0.000000,0.500000,0.300000
0.400000,0.000000,0.300000,0.000000,0.400000,0.300000,0.000000,0.500000,0.300000,0.300000,0.000000,0.500000,0.300000,0.300000,0.000000,0.500000,0.300000,0.100000,0.300000,0.000000,0.500000,0.300000
0.400000,0.000000,0.300000,0.000000,0.400000,0.300000,0.000000,0.500000,0.300000,0.300000,0.000000,0.500000,0.300000,0.300000,0.000000,0.500000,0.300000,0.100000,0.300000,0.000000,0.500000,0.300000
0.400000,0.000000,0.300000,0.000000,0.400000,0.300000,0.000000,0.500000,0.300000,0.300000,0.000000,0.500000,0.300000,0.300000,0.000000,0.500000,0.300000,0.100000,0.300000,0.000000,0.500000,0.300000
0.400000,0.000000,0.300000,0.000000,0.400000,0.300000,0.000000,0.500000,0.300000,0.300000,0.000000,0.500000,0.300000,0.300000,0.000000,0.500000,0.300000,0.100000,0.300000,0.000000,0.500000,0.300000
0.400000,0.000000,0.300000,0.000000,0.400000,0.300000,0.000000,0.500000,0.300000,0.300000,0.000000,0.500000,0.300000,0.300000,0.000000,0.500000,0.300000,0.100000,0.300000,0.000000,0.500000,0.300000
0.400000,0.000000,0.300000,0.000000,0.400000,0.300000,0.000000,0.500000,0.300000,0.300000,0.000000,0.500000,0.300000,0.300000,0.000000,0.500000,0.300000,0.100000,0.300000,0.000000,0.500000,0.300000
0.400000,0.000000,0.300000,0.000000,0.400000,0.300000,0.000000,0.500000,0.300000,0.300000,0.000000,0.500000,0.300000,0.300000,0.000000,0.500000,0.300000,0.100000,0.300000,0.000000,0.500000,0.300000
0.400000,0.000000,0.300000,0.000000,0.400000,0.300000,0.000000,0.500000,0.300000,0.300000,0.000000,0.500000,0.300000,0.300000,0.000000,0.500000,0.300000,0.100000,0.300000,0.000000,0.500000,0.300000
0.400000,0.000000,0.300000,0.000000,0.400000,0.300000,0.000000,0.500000,0.300000,0.300000,0.000000,0.500000,0.300000,0.300000,0.000000,0.500000,0.300000,0.100000,0.300000,0.000000,0.500000,0.300000
0.400000,0.000000,0.300000,0.000000,0.400000,0.300000,0.000000,0.500000,0.300000,0.300000,0.000000,0.500000,0.300000,0.300000,0.000000,0.500000,0.300000,0.100000,0.300000,0.000000,0.500000,0.300000
0.400000,0.000000,0.300000,0.000000,0.400000,0.300000,0.000000,0.500000,0.300000,0.300000,0.000000,0.500000,0.300000,0.300000,0.000000,0.500000,0.300000,0.100000,0.300000,0.000000,0.500000,0.300000
0.400000,0.000000,0.300000,0.000000,0.400000,0.300000,0.000000,0.500000,0.300000,0.300000,0.000000,0.500000,0.300000,0.300000,0.000000,0.500000,0.300000,0.100000,0.300000,0.000000,0.500000,0.300000
0.400000,0.000000,0.300000,0.000000,0.400000,0.300000,0.000000,0.500000,0.300000,0.300000,0.000000,0.500000,0.300000,0.300000,0.000000,0.500000,0.300000,0.100000,0.300000,0.000000,0.500000,0.300000
0.400000,0.000000,0.300000,0.000000,0.400000,0.300000,0.000000,0.500000,0.300000,0.300000,0.000000,0.500000,0.300000,0.300000,0.000000,0.500000,0.300000,0.100000,0.300000,0.000000,0.500000,0.300000
0.400000,0.000000,0.300000,0.000000,0.400000,0.300000,0.000000,0.500000,0.300000,0.300000,0.000000,0.500000,0.300000,0.300000,0.000000,0.500000,0.300000,0.100000,0.300000,0.000000,0.500000,0.300000
0.400000,0.000000,0.300000,0.000000,0.400000,0.300000,0.000000,0.500000,0.300000,0.300000,0.000000,0.500000,0.300000,0.300000,0.000000,0.500000,0.300000,0.100000,0.300000,0.000000,0.500000,0.300000
0.400000,0.000000,0.300000,0.000000,0.400000,0.300000,0.000000,0.500000,0.300000,0.300000,0.000000,0.500000,0.300000,0.300000,0.000000,0.500000,0.300000,0.100000,0.300000,0.000000,0.500000,0.300000
0.400000,0.000000,0.300000,0.000000,0.400000,0.300000,0.000000,0.500000,0.300000,0.300000,0.000000,0.500000,0.300000,0.300000,0.000000,0.500000,0.300000,0.100000,0.300000,0.000000,0.500000,0.300000
0.400000,0.000000,0.300000,0.000000,0.400000,0.300000,0.000000,0.500000,0.300000,0.300000,0.000000,0.500000,0.300000,0.300000,0.000000,0.500000,0.300000,0.100000,0.300000,0.000000,0.500000,0.300000
0.400000,0.000000,0.300000,0.000000,0.400000,0.300000,0.000000,0.500000,0.300000,0.300000,0.000000,0.500000,0.300000,0.300000,0.000000,0.500000,0.300000,0.100000,0.300000,0.000000,0.500000,0.300000
0.400000,0.000000,0.300000,0.000000,0.400000,0.300000,0.000000,0.500000,0.300000,0.300000,0.000000,0.500000,0.300000,0.300000,0.000000,0.500000,0.300000,0.100000,0.300000,0.000000,0.500000,0.300000
0.400000,0.000000,0.300000,0.000000,0.400000,0.300000,0.000000,0.500000,0.300000,0.300000,0.000000,0.500000,0.300000,0.300000,0.000000,0.500000,0.300000,0.100000,0.300000,0.000000,0.500000,0.300000
0.400000,0.000000,0.300000,0.000000,0.400000,0.300000,0.000000,0.500000,0.300000,0.300000,0.000000,0.500000,0.300000,0.300000,0.000000,0.500000,0.300000,0.100000,0.300000,0.000000,0.500000,0.300000
0.400000,0.000000,0.300000,0.000000,0.400000,0.300000,0.000000,0.500000,0.300000,0.300000,0.000000,0.500000,0.300000,0.300000,0.000000,0.500000,0.300000,0.100000,0.300000,0.000000,0.500000,0.300000
0.400000,0.000000,0.300000,0.000000,0.400000,0.300000,0.000000,0.500000,0.300000,0.300000,0.000000,0.500000,0.300000,0.300000,0.000000,0.500000,0.300000,0.100000,0.300000,0.000000,0.500000,0.300000
0.400000,0.000000,0.300000,0.000000,0.400000,0.300000,0.000000,0.500000,0.300000,0.300000,0.000000,0.500000,0.300000,0.300000,0.000000,0.500000,0.300000,0.100000,0.300000,0.000000,0.500000,0.300000
0.400000,0.000000,0.300000,0.000000,0.400000,0.300000,0.000000,0.500000,0.300000,0.300000,0.000000,0.500000,0.300000,0.300000,0.000000,0.500000,0.300000,0.100000,0.300000,0.000000,0.500000,0.300000
0.400000,0.000000,0.300000,0.000000,0.400000,0.300000,0.000000,0.500000,0.300000,0.300000,0.000000,0.500000,0.300000,0.300000,0.000000,0.500000,0.300000,0.100000,0.300000,0.000000,0.500000,0.300000
0.400000,0.000000,0.300000,0.000000,0.400000,0.300000,0.000000,0.500000,0.300000,0.300000,0.000000,0.500000,0.300000,0.300000,0.000000,0.500000,0.300000,0.100000,0.300000,0.000000,0.500000,0.300000
0.400000,0.000000,0.300000,0.000000,0.400000,0.300000,0.000000,0.500000,0.300000,0.300000,0.000000,0.500000,0.300000,0.300000,0.000000,0.500000,0.300000,0.100000,0.300000,0.000000,0.500000,0.300000
0.400000,0.000000,0.300000,0.000000,0.400000,0.300000,0.000000,0.500000,0.300000,0.300000,0.000000,0.500000,0.300000,0.300000,0.000000,0.500000,0.300000,0.100000,0.300000,0.000000,0.500000,0.300000
0.400000,0.000000,0.300000,0.000000,0.400000,0.300000,0.000000,0.500000,0.300000,0.300000,0.000000,0.500000,0.300000,0.300000,0.000000,0.500000,0.300000,0.100000,0.300000,0.000000,0.500000,0.300000
0.400000,0.000000,0.300000,0.000000,0.400000,0.300000,0.000000,0.500000,0.300000,0.300000,0.000000,0.500000,0.300000,0.300000,0.000000,0.500000,0.300000,0.100000,0.300000,0.000000,0.500000,0.300000
0.400000,0.000000,0.300000,0.000000,0.400000,0.300000,0.000000,0.500000,0.300000,0.300000,0.000000,0.500000,0.300000,0.300000,0.000000,0.500000,0.300000,0.100000,0.300000,0.000000,0.500000,0.300000
0.400000,0.000000,0.300000,0.000000,0.400000,0.300000,0.000000,0.500000,0.300000,0.300000,0.000000,0.500000,0.300000,0.300000,0.000000,0.500000,0.300000,0.100000,0.300000,0.000000,0.500000,0.300000
0.400000,0.000000,0.300000,0.000000,0.400000,0.300000,0.000000,0.500000,0.300000,0.300000,0.000000,0.500000,0.300000,0.300000,0.000000,0.500000,0.300000,0.100000,0.300000,0.000000,0.500000,0.300000
0.400000,0.000000,0.300000,0.000000,0.400000,0.300000,0.000000,0.500000,0.300000,0.300000,0.000000,0.500000,0.300000,0.300000,0.000000,0.500000,0.300000,0.100000,0.300000,0.000000,0.500000,0.300000
0.400000,0.000000,0.300000,0.000000,0.400000,0.300000,0.000000,0.500000,0.300000,0.300000,0.000000,0.500000,0.300000,0.300000,0.000000,0.500000,0.300000,0.100000,0.300000,0.000000,0.500000,0.300000
0.400000,0.000000,0.300000,0.000000,0.400000,0.300000,0.000000,0.500000,0.300000,0.300000,0.000000,0.500000,0.300000,0.300000,0.000000,0.500000,0.300000,0.100000,0.300000,0.000000,0.500000,0.300000
0.400000,0.000000,0.300000,0.000000,0.400000,0.300000,0.000000,0.500000,0.300000,0.300000,0.000000,0.500000,0.300000,0.300000,0.000000,0.500000,0.300000,0.100000,0.300000,0.000000,0.500000,0.300000
0.400000,0.000000,0.300000,0.000000,0.400000,0.300000,0.000000,0.500000,0.300000,0.300000,0.000000,0.500000,0.300000,0.300000,0.000000,0.500000,0.300000,0.100000,0.300000,0.000000,0.500000,0.300000
0.400000,0.000000,0.300000,0.000000,0.400000,0.300000,0.000000,0.500000,0.300000,0.300000,0.000000,0.500000,0.300000,0.300000,0.000000,0.500000,0.300000,0.100000,0.300000,0.000000,0.500000,0.300000
0.400001,0.000001,0.300007,0.000005,0.400009,0.300008,0.000002,0.500004,0.299999,0.299996,-0.000001,0.499986,0.299991,0.299992,-0.000000,0.499996,0.300001,0.100001,0.300007,0.000000,0.500014,0.300008
0.400009,0.000006,0.300059,0.000036,0.400073,0.300064,0.000011,0.500029,0.299991,0.299963,-0.000012,0.499893,0.299927,0.299936,-0.000002,0.499971,0.300009,0.100009,0.300059,0.000004,0.500110,0.300064
0.400041,0.000019,0.300199,0.000119,0.400240,0.300206,0.000035,0.500081,0.299959,0.299870,-0.000040,0.499644,0.299760,0.299794,-0.000007,0.499919,0.300041,0.100032,0.300199,0.000012,0.500360,0.300206
0.400119,0.000048,0.300472,0.000276,0.400549,0.300462,0.000076,0.500151,0.299881,0.299680,-0.000094,0.499171,0.299451,0.299538,-0.000015,0.499849,0.300119,0.100080,0.300472,0.000028,0.500823,0.300462
0.400271,0.000097,0.300922,0.000529,0.401033,0.300850,0.000135,0.500217,0.299729,0.299354,-0.000184,0.498413,0.298967,0.299150,-0.000027,0.499783,0.300271,0.100161,0.300922,0.000053,0.501549,0.300850
0.400532,0.000172,0.301589,0.000894,0.401715,0.301381,0.000209,0.500247,0.299468,0.298852,-0.000318,0.497318,0.298285,0.298619,-0.000042,0.499753,0.300532,0.100287,0.301589,0.000089,0.502572,0.301381
0.400939,0.000280,0.302510,0.001385,0.402610,0.302052,0.000295,0.500197,0.299061,0.298134,-0.000502,0.495844,0.297390,0.297948,-0.000059,0.499803,0.300939,0.100467,0.302510,0.000139,0.503915,0.302052
0.401531,0.000426,0.303716,0.002013,0.403724,0.302855,0.000388,0.500016,0.298469,0.297160,-0.000743,0.493960,0.296276,0.297145,-0.000078,0.499984,0.301531,0.100710,0.303716,0.000201,0.505587,0.302855
0.402350,0.000616,0.305236,0.002784,0.405054,0.303770,0.000478,0.499645,0.297650,0.295895,-0.001047,0.491647,0.294946,0.296230,-0.000096,0.500355,0.302350,0.101026,0.305236,0.000278,0.507581,0.303770
0.403436,0.000854,0.307088,0.003701,0.406588,0.304772,0.000557,0.499020,0.296564,0.294305,-0.001418,0.488898,0.293412,0.295228,-0.000111,0.500980,0.303436,0.101424,0.307088,0.000370,0.509882,0.304772
0.404829,0.001146,0.309287,0.004760,0.408305,0.305825,0.000615,0.498076,0.295171,0.292361,-0.001857,0.485719,0.291695,0.294175,-0.000123,0.501924,0.304829,0.101910,0.309287,0.000476,0.512458,0.305825
0.406565,0.001494,0.311839,0.005958,0.410178,0.306891,0.000639,0.496745,0.293435,0.290040,-0.002368,0.482127,0.289822,0.293109,-0.000128,0.503255,0.306565,0.102490,0.311839,0.000596,0.515267,0.306891
0.408678,0.001901,0.314741,0.007282,0.412169,0.307922,0.000617,0.494959,0.291322,0.287325,-0.002948,0.478154,0.287831,0.292078,-0.000123,0.505041,0.308678,0.103169,0.314741,0.000728,0.518254,0.307922
0.411197,0.002369,0.317985,0.008719,0.414237,0.308869,0.000537,0.492655,0.288803,0.284207,-0.003597,0.473842,0.285763,0.291131,-0.000107,0.507345,0.311197,0.103948,0.317985,0.000872,0.521356,0.308869
0.414146,0.002898,0.321552,0.010251,0.416333,0.309676,0.000387,0.489772,0.285854,0.280681,-0.004310,0.469246,0.283667,0.290324,-0.000077,0.510228,0.314146,0.104830,0.321552,0.001025,0.524499,0.309676
0.417541,0.003487,0.325415,0.011856,0.418401,0.310288,0.000152,0.486254,0.282459,0.276753,-0.005083,0.464431,0.281599,0.289712,-0.000030,0.513746,0.317541,0.105812,0.325415,0.001186,0.527602,0.310288
0.421392,0.004135,0.329540,0.013509,0.420384,0.310646,-0.000178,0.482055,0.278608,0.272436,-0.005908,0.459472,0.279616,0.289354,0.000036,0.517945,0.321392,0.106891,0.329540,0.001351,0.530576,0.310646
0.425702,0.004837,0.333885,0.015182,0.422219,0.310692,-0.000616,0.477136,0.274298,0.267752,-0.006777,0.454455,0.277781,0.289308,0.000123,0.522864,0.325702,0.108062,0.333885,0.001518,0.533328,0.310692
0.430464,0.005590,0.338401,0.016843,0.423842,0.310369,-0.001171,0.471468,0.269536,0.262731,-0.007680,0.449471,0.276158,0.289631,0.000234,0.528532,0.330464,0.109317,0.338401,0.001684,0.535764,0.310369
0.435665,0.006388,0.343030,0.018460,0.425189,0.309623,-0.001852,0.465033,0.264335,0.257410,-0.008606,0.444620,0.274811,0.290377,0.000370,0.534967,0.335665,0.110647,0.343030,0.001846,0.537783,0.309623
0.441282,0.007224,0.347712,0.019999,0.426193,0.308402,-0.002667,0.457827,0.258718,0.251837,-0.009542,0.440004,0.273807,0.291598,0.000533,0.542173,0.341282,0.112041,0.347712,0.002000,0.539290,0.308402
0.447282,0.008090,0.352378,0.021423,0.426792,0.306658,-0.003622,0.449855,0.252718,0.246065,-0.010476,0.435731,0.273208,0.293342,0.000724,0.550145,0.347282,0.113484,0.352378,0.002142,0.540188,0.306658
0.453625,0.008977,0.356956,0.022697,0.426923,0.304352,-0.004720,0.441140,0.246375,0.240154,-0.011391,0.431908,0.273077,0.295648,0.000944,0.558860,0.353625,0.114962,0.356956,0.002270,0.540384,0.304352
0.460263,0.009874,0.361371,0.023786,0.426529,0.301448,-0.005963,0.431714,0.239737,0.234172,-0.012274,0.428643,0.273471,0.298552,0.001193,0.568286,0.360263,0.116457,0.361371,0.002379,0.539793,0.301448
0.467139,0.010771,0.365546,0.024652,0.425557,0.297919,-0.007351,0.421628,0.232861,0.228191,-0.013109,0.426043,0.274443,0.302081,0.001470,0.578372,0.367139,0.117952,0.365546,0.002465,0.538336,0.297919
0.474189,0.011657,0.369402,0.025264,0.423961,0.293746,-0.008879,0.410942,0.225811,0.222289,-0.013880,0.424208,0.276039,0.306254,0.001776,0.589058,0.374189,0.119428,0.369402,0.002526,0.535942,0.293746
0.481341,0.012518,0.372861,0.025588,0.421700,0.288921,-0.010543,0.399732,0.218659,0.216546,-0.014572,0.423235,0.278300,0.311079,0.002109,0.600268,0.381341,0.120863,0.372861,0.002559,0.532551,0.288921
0.488520,0.013343,0.375846,0.025596,0.418743,0.283441,-0.012335,0.388086,0.211480,0.211046,-0.015169,0.423213,0.281257,0.316559,0.002467,0.611914,0.388520,0.122239,0.375846,0.002560,0.528115,0.283441
0.495643,0.014119,0.378283,0.025260,0.415066,0.277318,-0.014244,0.376104,0.204357,0.205872,-0.015657,0.424219,0.284934,0.322682,0.002849,0.623896,0.395643,0.123532,0.378283,0.002526,0.522599,0.277318
0.502626,0.014834,0.380102,0.024559,0.410656,0.270572,-0.016258,0.363896,0.197374,0.201108,-0.016020,0.426323,0.289344,0.329428,0.003252,0.636104,0.402626,0.124723,0.380102,0.002456,0.515984,0.270572
0.509379,0.015474,0.381238,0.023473,0.405509,0.263232,-0.018362,0.351583,0.190621,0.196839,-0.016248,0.429580,0.294491,0.336768,0.003672,0.648417,0.409379,0.125790,0.381238,0.002347,0.508263,0.263232
0.515813,0.016028,0.381632,0.021990,0.399631,0.255340,-0.020538,0.339292,0.184187,0.193144,-0.016326,0.434031,0.300369,0.344660,0.004108,0.660708,0.415813,0.126714,0.381632,0.002199,0.499447,0.255340
0.521839,0.016485,0.381233,0.020098,0.393041,0.246945,-0.022768,0.327158,0.178161,0.190098,-0.016247,0.439705,0.306959,0.353055,0.004554,0.672842,0.421839,0.127475,0.381233,0.002010,0.489562,0.246945
0.527368,0.016834,0.379999,0.017796,0.385767,0.238109,-0.025032,0.315321,0.172632,0.187774,-0.016000,0.446611,0.314233,0.361891,0.005006,0.684679,0.427368,0.128057,0.379999,0.001780,0.478651,0.238109
0.532315,0.017065,0.377897,0.015085,0.377849,0.228900,-0.027306,0.303920,0.167685,0.186234,-0.015579,0.454746,0.322151,0.371100,0.005461,0.696080,0.432315,0.128441,0.377897,0.001508,0.466773,0.228900
0.536596,0.017170,0.374905,0.011971,0.369335,0.219396,-0.029568,0.293100,0.163404,0.185537,-0.014981,0.464087,0.330665,0.380604,0.005914,0.706900,0.436596,0.128616,0.374905,0.001197,0.454002,0.219396
0.540137,0.017141,0.371010,0.008469,0.360286,0.209681,-0.031793,0.282999,0.159863,0.185729,-0.014202,0.474594,0.339714,0.390319,0.006359,0.717001,0.440137,0.128568,0.371010,0.000847,0.440429,0.209681
0.542866,0.016973,0.366212,0.004596,0.350772,0.199846,-0.033958,0.273755,0.157134,0.186848,-0.013242,0.486213,0.349228,0.400154,0.006792,0.726245,0.442866,0.128288,0.366212,0.000460,0.426157,0.199846
0.544723,0.016662,0.360523,0.000377,0.340869,0.189987,-0.036037,0.265498,0.155277,0.188922,-0.012105,0.498870,0.359131,0.410013,0.007207,0.734502,0.444723,0.127769,0.360523,0.000038,0.411304,0.189987
0.545654,0.016205,0.353965,-0.004159,0.330664,0.180203,-0.038005,0.258349,0.154346,0.191967,-0.010793,0.512478,0.369336,0.419797,0.007601,0.741651,0.445654,0.127008,0.353965,-0.000416,0.395996,0.180203
0.545616,0.015602,0.346573,-0.008978,0.320248,0.170594,-0.039840,0.252422,0.154384,0.195988,-0.009315,0.526934,0.379752,0.429406,0.007968,0.747578,0.445616,0.126003,0.346573,-0.000898,0.380372,0.170594
0.544579,0.014854,0.338394,-0.014040,0.309719,0.161263,-0.041518,0.247816,0.155421,0.200976,-0.007679,0.542121,0.390281,0.438737,0.008304,0.752184,0.444579,0.124756,0.338394,-0.001404,0.364578,0.161263
0.542521,0.013963,0.329484,-0.019304,0.299176,0.152311,-0.043018,0.244617,0.157479,0.206912,-0.005897,0.557913,0.400824,0.447689,0.008604,0.755383,0.442521,0.123272,0.329484,-0.001930,0.348765,0.152311
0.539433,0.012935,0.319910,-0.024724,0.288724,0.143835,-0.044320,0.242895,0.160567,0.213764,-0.003982,0.574171,0.411276,0.456165,0.008864,0.757105,0.439433,0.121559,0.319910,-0.002472,0.333086,0.143835
0.535321,0.011777,0.309747,-0.030250,0.278464,0.135930,-0.045406,0.242705,0.164679,0.221489,-0.001949,0.590749,0.421536,0.464070,0.009081,0.757295,0.435321,0.119628,0.309747,-0.003025,0.317696,0.135930
0.530200,0.010495,0.299080,-0.035833,0.268499,0.128683,-0.046263,0.244081,0.169800,0.230034,0.000184,0.607499,0.431501,0.471317,0.009253,0.755919,0.430200,0.117492,0.299080,-0.003583,0.302748,0.128683
0.524099,0.009100,0.287998,-0.041422,0.258927,0.122175,-0.046876,0.247041,0.175901,0.239333,0.002400,0.624265,0.441073,0.477825,0.009375,0.752959,0.424099,0.115167,0.287998,-0.004142,0.288391,0.122175
0.517058,0.007603,0.276596,-0.046965,0.249844,0.116478,-0.047237,0.251585,0.182942,0.249314,0.004681,0.640895,0.450156,0.483522,0.009447,0.748415,0.417058,0.112671,0.276596,-0.004696,0.274766,0.116478
0.509128,0.006015,0.264973,-0.052412,0.241336,0.111652,-0.047339,0.257691,0.190872,0.259897,0.007005,0.657237,0.458664,0.488348,0.009468,0.742309,0.409128,0.110026,0.264973,-0.005241,0.262004,0.111652
0.500369,0.004351,0.253228,-0.057715,0.233484,0.107750,-0.047179,0.265322,0.199631,0.270994,0.009354,0.673146,0.466516,0.492250,0.009436,0.734678,0.400369,0.107252,0.253228,-0.005772,0.250226,0.107750
0.490852,0.002623,0.241459,-0.062828,0.226358,0.104809,-0.046756,0.274421,0.209148,0.282514,0.011708,0.688485,0.473642,0.495191,0.009351,0.725579,0.390852,0.104372,0.241459,-0.006283,0.239537,0.104809
0.480652,0.000845,0.229763,-0.067709,0.220018,0.102854,-0.046074,0.284917,0.219348,0.294364,0.014047,0.703126,0.479982,0.497146,0.009215,0.715083,0.380652,0.101409,0.229763,-0.006771,0.230027,0.102854
0.469851,-0.000967,0.218232,-0.072319,0.214512,0.101901,-0.045138,0.296725,0.230149,0.306450,0.016354,0.716957,0.485488,0.498099,0.009028,0.703275,0.369851,0.098388,0.218232,-0.007232,0.221768,0.101901
0.458534,-0.002802,0.206951,-0.076627,0.209874,0.101947,-0.043957,0.309746,0.241466,0.318680,0.018610,0.729880,0.490126,0.498053,0.008791,0.690254,0.358534,0.095330,0.206951,-0.007663,0.214811,0.101947
0.446788,-0.004645,0.195996,-0.080605,0.206127,0.102980,-0.042543,0.323872,0.253212,0.330965,0.020801,0.741815,0.493873,0.497020,0.008509,0.676128,0.346788,0.092259,0.195996,-0.008060,0.209191,0.102980
0.434698,-0.006484,0.185433,-0.084234,0.203280,0.104976,-0.040909,0.338992,0.265302,0.343224,0.022913,0.752701,0.496720,0.495024,0.008182,0.661008,0.334698,0.089194,0.185433,-0.008423,0.204920,0.104976
0.422347,-0.008308,0.175318,-0.087499,0.201327,0.107898,-0.039071,0.354988,0.277653,0.355383,0.024936,0.762498,0.498673,0.492102,0.007814,0.645012,0.322347,0.086154,0.175318,-0.008750,0.201990,0.107898
0.409809,-0.010107,0.165691,-0.090396,0.200250,0.111702,-0.037045,0.371746,0.290191,0.367379,0.026862,0.771187,0.499750,0.488298,0.007409,0.628254,0.309809,0.083155,0.165691,-0.009040,0.200375,0.111702
0.397152,-0.011874,0.156579,-0.092924,0.200020,0.116333,-0.034848,0.389154,0.302848,0.379160,0.028684,0.778771,0.499980,0.483667,0.006970,0.610846,0.297152,0.080210,0.156579,-0.009292,0.200030,0.116333
0.384433,-0.013603,0.148000,-0.095086,0.200607,0.121742,-0.032496,0.407116,0.315567,0.390686,0.030400,0.785259,0.499393,0.478258,0.006499,0.592884,0.284433,0.077328,0.148000,-0.009509,0.200910,0.121742
0.371706,-0.015286,0.139994,-0.096873,0.202011,0.127910,-0.029998,0.425559,0.328294,0.401907,0.032001,0.790618,0.497989,0.472090,0.006000,0.574441,0.271706,0.074523,0.139994,-0.009687,0.203017,0.127910
0.359024,-0.016915,0.132604,-0.098269,0.204243,0.134824,-0.027362,0.444415,0.340976,0.412770,0.033479,0.794806,0.495757,0.465176,0.005472,0.555585,0.259024,0.071808,0.132604,-0.009827,0.206364,0.134824
0.346442,-0.018483,0.125873,-0.099262,0.207305,0.142468,-0.024596,0.463610,0.353558,0.423222,0.034825,0.797785,0.492695,0.457532,0.004919,0.536390,0.246442,0.069194,0.125873,-0.009926,0.210957,0.142468
0.334016,-0.019982,0.119839,-0.099841,0.211198,0.150821,-0.021711,0.483065,0.365984,0.433213,0.036032,0.799522,0.488802,0.449179,0.004342,0.516935,0.234016,0.066697,0.119839,-0.009984,0.216797,0.150821
0.321802,-0.021403,0.114542,-0.099996,0.215921,0.159858,-0.018717,0.502702,0.378198,0.442689,0.037092,0.799988,0.484079,0.440142,0.003743,0.497298,0.221802,0.064328,0.114542,-0.010000,0.223881,0.159858
0.309859,-0.022740,0.110018,-0.099720,0.221465,0.169551,-0.015626,0.522435,0.390141,0.451601,0.037996,0.799160,0.478535,0.430449,0.003125,0.477565,0.209859,0.062100,0.110018,-0.009972,0.232198,0.169551
0.298245,-0.023985,0.106299,-0.099007,0.227820,0.179867,-0.012449,0.542179,0.401755,0.459900,0.038740,0.797020,0.472180,0.420133,0.002490,0.457821,0.198245,0.060025,0.106299,-0.009901,0.241730,0.179867
0.287016,-0.025131,0.103415,-0.097852,0.234971,0.190770,-0.009200,0.561845,0.412984,0.467538,0.039317,0.793556,0.465029,0.409230,0.001840,0.438155,0.187016,0.058116,0.103415,-0.009785,0.252456,0.190770
0.276231,-0.026170,0.101394,-0.096254,0.242898,0.202221,-0.005892,0.581341,0.423769,0.474468,0.039721,0.788762,0.457102,0.397779,0.001178,0.418659,0.176231,0.056383,0.101394,-0.009625,0.264347,0.202221
0.265946,-0.027097,0.100258,-0.094213,0.251577,0.214175,-0.002540,0.600576,0.434054,0.480649,0.039948,0.782638,0.448423,0.385825,0.000508,0.399424,0.165946,0.054838,0.100258,-0.009421,0.277365,0.214175
0.256217,-0.027906,0.100028,-0.091730,0.260980,0.226585,0.000842,0.619456,0.443783,0.486038,0.039994,0.775191,0.439020,0.373415,-0.000168,0.380544,0.156217,0.053490,0.100028,-0.009173,0.291470,0.226585
0.247100,-0.028590,0.100720,-0.088812,0.271075,0.239401,0.004238,0.637885,0.452900,0.490598,0.039856,0.766435,0.428925,0.360599,-0.000848,0.362115,0.147100,0.052350,0.100720,-0.008881,0.306612,0.239401
0.238648,-0.029144,0.102344,-0.085463,0.281825,0.252567,0.007633,0.655770,0.461352,0.494294,0.039531,0.756390,0.418175,0.347433,-0.001527,0.344230,0.138648,0.051427,0.102344,-0.008546,0.322737,0.252567
0.230910,-0.029564,0.104908,-0.081694,0.293189,0.266027,0.011009,0.673015,0.469090,0.497093,0.039018,0.745083,0.406811,0.333973,-0.002202,0.326985,0.130910,0.050727,0.104908,-0.008169,0.339783,0.266027
0.223938,-0.029845,0.108415,-0.077517,0.305121,0.279719,0.014351,0.689528,0.476062,0.498969,0.038317,0.732550,0.394879,0.320281,-0.002870,0.310472,0.123938,0.050258,0.108415,-0.007752,0.357681,0.279719
0.217776,-0.029985,0.112863,-0.072944,0.317572,0.293581,0.017642,0.705214,0.482224,0.499897,0.037427,0.718831,0.382428,0.306419,-0.003528,0.294786,0.117776,0.050026,0.112863,-0.007294,0.376359,0.293581
0.212468,-0.029979,0.118244,-0.067992,0.330490,0.307546,0.020864,0.719985,0.487532,0.499858,0.036351,0.703977,0.369510,0.292454,-0.004173,0.280015,0.112468,0.050036,0.118244,-0.006799,0.395735,0.307546
0.208054,-0.029825,0.124545,-0.062681,0.343816,0.321547,0.024000,0.733752,0.491946,0.498836,0.035091,0.688043,0.356184,0.278453,-0.004800,0.266248,0.108054,0.050291,0.124545,-0.006268,0.415724,0.321547
0.204570,-0.029523,0.131751,-0.057031,0.357489,0.335513,0.027033,0.746428,0.495430,0.496822,0.033650,0.671094,0.342511,0.264487,-0.005407,0.253572,0.104570,0.050795,0.131751,-0.005703,0.436234,0.335513
0.202049,-0.029072,0.139837,-0.051066,0.371447,0.349373,0.029946,0.757934,0.497951,0.493810,0.032033,0.653199,0.328553,0.250627,-0.005989,0.242066,0.102049,0.051547,0.139837,-0.005107,0.457170,0.349373
0.200518,-0.028470,0.148776,-0.044812,0.385620,0.363053,0.032722,0.768192,0.499482,0.489801,0.030245,0.634436,0.314380,0.236947,-0.006544,0.231808,0.100518,0.052550,0.148776,-0.004481,0.478430,0.363053
0.200000,-0.027720,0.158535,-0.038297,0.399939,0.376480,0.035344,0.777129,0.500000,0.484799,0.028293,0.614890,0.300061,0.223520,-0.007069,0.222871,0.100000,0.053800,0.158535,-0.003830,0.499908,0.376480
0.200514,-0.026823,0.169075,-0.031550,0.414330,0.389579,0.037798,0.784677,0.499486,0.478817,0.026185,0.594651,0.285670,0.210421,-0.007560,0.215323,0.100514,0.055296,0.169075,-0.003155,0.521495,0.389579
0.202073,-0.025781,0.180352,-0.024605,0.428719,0.402277,0.040066,0.790777,0.497927,0.471871,0.023930,0.573816,0.271281,0.197723,-0.008013,0.209223,0.102073,0.057032,0.180352,-0.002461,0.543079,0.402277
0.204684,-0.024597,0.192316,-0.017495,0.443029,0.414498,0.042134,0.795373,0.495316,0.463982,0.021537,0.552486,0.256971,0.185502,-0.008427,0.204627,0.104684,0.059004,0.192316,-0.001750,0.564543,0.414498
0.208348,-0.023277,0.204914,-0.010257,0.457180,0.426170,0.043988,0.798418,0.491652,0.455181,0.019017,0.530771,0.242820,0.173830,-0.008798,0.201582,0.108348,0.061205,0.204914,-0.001026,0.585771,0.426170
0.213063,-0.021825,0.218087,-0.002928,0.471094,0.437221,0.045614,0.799871,0.486937,0.445501,0.016383,0.508783,0.228906,0.162779,-0.009123,0.200129,0.113063,0.063625,0.218087,-0.000293,0.606642,0.437221
0.218816,-0.020247,0.231769,0.004454,0.484691,0.447580,0.047000,0.799702,0.481184,0.434982,0.013646,0.486638,0.215309,0.152420,-0.009400,0.200298,0.118816,0.066254,0.231769,0.000445,0.627036,0.447580
0.225593,-0.018551,0.245893,0.011847,0.497889,0.457180,0.048136,0.797887,0.474407,0.423671,0.010821,0.464458,0.202111,0.142820,-0.009627,0.202113,0.125593,0.069082,0.245893,0.001185,0.646833,0.457180
0.233369,-0.016743,0.260386,0.019211,0.510609,0.465956,0.049009,0.794412,0.466631,0.411619,0.007923,0.442367,0.189391,0.134044,-0.009802,0.205588,0.133369,0.072095,0.260386,0.001921,0.665913,0.465956
0.242116,-0.014832,0.275172,0.026503,0.522771,0.473845,0.049613,0.789272,0.457884,0.398883,0.004966,0.420491,0.177229,0.126155,-0.009923,0.210728,0.142116,0.075279,0.275172,0.002650,0.684157,0.473845
0.251798,-0.012829,0.290169,0.033681,0.534299,0.480790,0.049940,0.782472,0.448202,0.385527,0.001966,0.398958,0.165701,0.119210,-0.009988,0.217528,0.151798,0.078618,0.290169,0.003368,0.701448,0.480790
0.262372,-0.010743,0.305294,0.040700,0.545115,0.486737,0.049982,0.774028,0.437628,0.371619,-0.001059,0.377899,0.154885,0.113263,-0.009996,0.225972,0.162372,0.082095,0.305294,0.004070,0.717673,0.486737
0.273789,-0.008585,0.320461,0.047519,0.555148,0.491637,0.049738,0.763964,0.426211,0.357231,-0.004092,0.357442,0.144852,0.108363,-0.009948,0.236036,0.173789,0.085692,0.320461,0.004752,0.732721,0.491637
0.285995,-0.006366,0.335582,0.054095,0.564325,0.495445,0.049202,0.752317,0.414005,0.342442,-0.007116,0.337716,0.135675,0.104555,-0.009840,0.247683,0.185995,0.089389,0.335582,0.005409,0.746488,0.495445
0.298928,-0.004100,0.350565,0.060383,0.572582,0.498123,0.048376,0.739134,0.401072,0.327334,-0.010113,0.318851,0.127418,0.101877,-0.009675,0.260866,0.198928,0.093166,0.350565,0.006038,0.758873,0.498123
0.312522,-0.001799,0.365320,0.066344,0.579854,0.499640,0.047258,0.724470,0.387478,0.311992,-0.013064,0.300969,0.120146,0.100360,-0.009452,0.275530,0.212522,0.097002,0.365320,0.006634,0.769781,0.499640
0.326702,0.000524,0.379752,0.071935,0.586085,0.499969,0.045853,0.708394,0.373298,0.296507,-0.015950,0.284195,0.113915,0.100031,-0.009171,0.291606,0.226702,0.100873,0.379752,0.007193,0.779127,0.499969
0.341392,0.002855,0.393771,0.077118,0.591220,0.499093,0.044164,0.690985,0.358608,0.280970,-0.018754,0.268646,0.108780,0.100907,-0.008833,0.309015,0.241392,0.104758,0.393771,0.007712,0.786830,0.499093
0.356508,0.005179,0.407283,0.081855,0.595214,0.496998,0.042198,0.672330,0.343492,0.265477,-0.021457,0.254435,0.104786,0.103002,-0.008440,0.327670,0.256508,0.108631,0.407283,0.008186,0.792821,0.496998
0.371961,0.007481,0.420198,0.086110,0.598025,0.493681,0.039963,0.652529,0.328039,0.250124,-0.024040,0.241669,0.101975,0.106319,-0.007993,0.347471,0.271961,0.112469,0.420198,0.008611,0.797037,0.493681
0.387659,0.009748,0.432426,0.089851,0.599619,0.489146,0.037470,0.631688,0.312341,0.235010,-0.026485,0.230448,0.100381,0.110854,-0.007494,0.368312,0.287659,0.116247,0.432426,0.008985,0.799428,0.489146
0.403507,0.011965,0.443880,0.093045,0.599969,0.483405,0.034730,0.609927,0.296493,0.220235,-0.028776,0.220866,0.100031,0.116595,-0.006946,0.390073,0.303507,0.119941,0.443880,0.009304,0.799954,0.483405
0.419405,0.014116,0.454476,0.095665,0.599056,0.476478,0.031758,0.587371,0.280595,0.205896,-0.030895,0.213005,0.100944,0.123522,-0.006352,0.412629,0.319405,0.123526,0.454476,0.009567,0.798585,0.476478
0.435252,0.016186,0.464134,0.097687,0.596869,0.468393,0.028570,0.564155,0.264748,0.192093,-0.032827,0.206940,0.103131,0.131607,-0.005714,0.435845,0.335252,0.126977,0.464134,0.009769,0.795303,0.468393
0.450943,0.018162,0.472779,0.099088,0.593403,0.459186,0.025184,0.540420,0.249057,0.178922,-0.034556,0.202735,0.106597,0.140814,-0.005037,0.459580,0.350943,0.130269,0.472779,0.009909,0.790105,0.459186
0.466374,0.020028,0.480340,0.099852,0.588665,0.448903,0.021618,0.516316,0.233626,0.166479,-0.036068,0.200444,0.111335,0.151097,-0.004324,0.483684,0.366374,0.133380,0.480340,0.009985,0.782997,0.448903
0.481439,0.021772,0.486752,0.099964,0.582668,0.437598,0.017895,0.491996,0.218561,0.154856,-0.037350,0.200107,0.117332,0.162402,-0.003579,0.508004,0.381439,0.136286,0.486752,0.009996,0.774002,0.437598
0.496032,0.023379,0.491957,0.099416,0.575436,0.425332,0.014037,0.467621,0.203968,0.144141,-0.038391,0.201752,0.124564,0.174668,-0.002807,0.532379,0.396032,0.138965,0.491957,0.009942,0.763154,0.425332
0.510050,0.024837,0.495904,0.098201,0.567000,0.412174,0.010068,0.443354,0.189950,0.134419,-0.039181,0.205397,0.133000,0.187826,-0.002014,0.556646,0.410050,0.141395,0.495904,0.009820,0.750500,0.412174
0.523387,0.026135,0.498548,0.096320,0.557403,0.398203,0.006013,0.419360,0.176613,0.125770,-0.039710,0.211041,0.142597,0.201797,-0.001203,0.580640,0.423387,0.143558,0.498548,0.009632,0.736104,0.398203
0.535946,0.027260,0.499856,0.093775,0.546693,0.383502,0.001900,0.395809,0.164054,0.118266,-0.039971,0.218674,0.153307,0.216498,-0.000380,0.604191,0.435946,0.145434,0.499856,0.009378,0.720039,0.383502
0.547627,0.028204,0.499798,0.090577,0.534931,0.368165,-0.002244,0.372869,0.152373,0.111975,-0.039960,0.228269,0.165069,0.231835,0.000449,0.627131,0.447627,0.147006,0.499798,0.009058,0.702396,0.368165
0.558339,0.028957,0.498359,0.086738,0.522184,0.352290,-0.006391,0.350708,0.141661,0.106956,-0.039672,0.239785,0.177816,0.247710,0.001278,0.649292,0.458339,0.148261,0.498359,0.008674,0.683276,0.352290
0.567992,0.029511,0.495530,0.082278,0.508529,0.335980,-0.010512,0.329492,0.132008,0.103263,-0.039106,0.253166,0.191471,0.264020,0.002102,0.670508,0.467992,0.149184,0.495530,0.008228,0.662794,0.335980
0.576506,0.029859,0.491313,0.077219,0.494052,0.319347,-0.014576,0.309383,0.123494,0.100938,-0.038263,0.268342,0.205948,0.280653,0.002915,0.690617,0.476506,0.149766,0.491313,0.007722,0.641078,0.319347
0.583803,0.029998,0.485720,0.071591,0.478845,0.302505,-0.018554,0.290541,0.116197,0.100016,-0.037144,0.285228,0.221155,0.297495,0.003711,0.709459,0.483803,0.149996,0.485720,0.007159,0.618267,0.302505
0.589816,0.029922,0.478773,0.065426,0.463008,0.285572,-0.022417,0.273118,0.110184,0.100521,-0.035755,0.303723,0.236992,0.314428,0.004483,0.726882,0.489816,0.149870,0.478773,0.006543,0.594512,0.285572
0.594484,0.029630,0.470506,0.058762,0.446648,0.268672,-0.026134,0.257258,0.105516,0.102469,-0.034101,0.323715,0.253352,0.331328,0.005227,0.742742,0.494484,0.149383,0.470506,0.005876,0.569973,0.268672
0.597755,0.029120,0.460962,0.051641,0.429879,0.251927,-0.029677,0.243098,0.102245,0.105863,-0.032192,0.345076,0.270121,0.348073,0.005935,0.756902,0.497755,0.148534,0.460962,0.005164,0.544819,0.251927
0.599589,0.028395,0.450196,0.044112,0.412820,0.235465,-0.033016,0.230765,0.100411,0.110698,-0.030039,0.367665,0.287180,0.364535,0.006603,0.769235,0.499589,0.147325,0.450196,0.004411,0.519230,0.235465
0.599951,0.027457,0.438271,0.036224,0.395594,0.219411,-0.036126,0.220374,0.100049,0.116955,-0.027654,0.391329,0.304406,0.380589,0.007225,0.779626,0.499951,0.145761,0.438271,0.003622,0.493391,0.219411
0.598822,0.026309,0.425264,0.028032,0.378328,0.203892,-0.038978,0.212028,0.101178,0.124606,-0.025053,0.415905,0.321672,0.396108,0.007796,0.787972,0.498822,0.143849,0.425264,0.002803,0.467492,0.203892
0.596191,0.024959,0.411259,0.019595,0.361153,0.189031,-0.041549,0.205816,0.103809,0.133609,-0.022252,0.441216,0.338847,0.410969,0.008310,0.794184,0.496191,0.141598,0.411259,0.001959,0.441730,0.189031
0.592059,0.023413,0.396351,0.010973,0.344202,0.174951,-0.043815,0.201812,0.107941,0.143914,-0.019270,0.467080,0.355798,0.425049,0.008763,0.798188,0.492059,0.139022,0.396351,0.001097,0.416303,0.174951
0.586438,0.021681,0.380643,0.002232,0.327607,0.161771,-0.045755,0.200075,0.113562,0.155457,-0.016129,0.493303,0.372393,0.438229,0.009151,0.799925,0.486438,0.136136,0.380643,0.000223,0.391411,0.161771
0.579355,0.019775,0.364247,-0.006562,0.311503,0.149604,-0.047350,0.200647,0.120645,0.168163,-0.012849,0.519686,0.388497,0.450396,0.009470,0.799353,0.479355,0.132959,0.364247,-0.000656,0.367255,0.149604
0.570847,0.017708,0.347284,-0.015341,0.296022,0.138557,-0.048583,0.203551,0.129153,0.181949,-0.009457,0.546024,0.403978,0.461443,0.009717,0.796449,0.470847,0.129513,0.347284,-0.001534,0.344033,0.138557
0.560962,0.015492,0.329879,-0.024036,0.281294,0.128732,-0.049439,0.208795,0.139038,0.196717,-0.005976,0.572109,0.418706,0.471268,0.009888,0.791205,0.460962,0.125821,0.329879,-0.002404,0.321941,0.128732
0.549763,0.013145,0.312168,-0.032577,0.267445,0.120223,-0.049907,0.216365,0.150237,0.212363,-0.002434,0.597730,0.432555,0.479777,0.009981,0.783635,0.449763,0.121909,0.312168,-0.003258,0.301167,0.120223
0.537324,0.010684,0.294287,-0.040892,0.254597,0.113113,-0.049980,0.226228,0.162676,0.228772,0.001143,0.622675,0.445403,0.486887,0.009996,0.773772,0.437324,0.117807,0.294287,-0.004089,0.281895,0.113113
0.523730,0.008127,0.276380,-0.048911,0.242867,0.107478,-0.049650,0.238334,0.176270,0.245821,0.004724,0.646734,0.457133,0.492522,0.009930,0.761666,0.423730,0.113545,0.276380,-0.004891,0.264300,0.107478
0.509078,0.005493,0.258592,-0.056567,0.232363,0.103382,-0.048917,0.252610,0.190922,0.263377,0.008282,0.669701,0.467637,0.496618,0.009783,0.747390,0.409078,0.109156,0.258592,-0.005657,0.248545,0.103382
0.493475,0.002804,0.241072,-0.063791,0.223188,0.100876,-0.047780,0.268966,0.206525,0.281303,0.011786,0.691372,0.476812,0.499124,0.009556,0.731034,0.393475,0.104674,0.241072,-0.006379,0.234782,0.100876
0.477039,0.000082,0.223967,-0.070518,0.215433,0.100001,-0.046246,0.287291,0.222961,0.299455,0.015207,0.711554,0.484567,0.499999,0.009249,0.712709,0.377039,0.100136,0.223967,-0.007052,0.223150,0.100001
0.459899,-0.002653,0.207425,-0.076686,0.209180,0.100783,-0.044321,0.307456,0.240101,0.317684,0.018515,0.730058,0.490820,0.499217,0.008864,0.692544,0.359899,0.095579,0.207425,-0.007669,0.213771,0.100783
0.442189,-0.005376,0.191593,-0.082237,0.204500,0.103237,-0.042018,0.329313,0.257811,0.335837,0.021681,0.746710,0.495500,0.496763,0.008404,0.670687,0.342189,0.091041,0.191593,-0.008224,0.206750,0.103237
0.424052,-0.008064,0.176613,-0.087115,0.201452,0.107361,-0.039351,0.352696,0.275948,0.353760,0.024677,0.761346,0.498548,0.492639,0.007870,0.647304,0.324052,0.086560,0.176613,-0.008712,0.202177,0.107361
0.405640,-0.010694,0.162623,-0.091272,0.200080,0.113139,-0.036338,0.377424,0.294360,0.371295,0.027475,0.773816,0.499920,0.486861,0.007268,0.622576,0.305640,0.082176,0.162623,-0.009127,0.200119,0.113139
0.387107,-0.013243,0.149756,-0.094663,0.200416,0.120542,-0.033003,0.403300,0.312893,0.388289,0.030049,0.783988,0.499584,0.479458,0.006601,0.596700,0.287107,0.077928,0.149756,-0.009466,0.200624,0.120542
0.368614,-0.015688,0.138138,-0.097249,0.202478,0.129525,-0.029369,0.430113,0.331386,0.404585,0.032372,0.791746,0.497522,0.470475,0.005874,0.569887,0.268614,0.073854,0.138138,-0.009725,0.203717,0.129525
0.350322,-0.018005,0.127883,-0.098998,0.206268,0.140026,-0.025465,0.457638,0.349678,0.420035,0.034423,0.796994,0.493732,0.459974,0.005093,0.542362,0.250322,0.069991,0.127883,-0.009900,0.209402,0.140026
0.332394,-0.020174,0.119099,-0.099885,0.211773,0.151972,-0.021323,0.485642,0.367606,0.434491,0.036180,0.799656,0.488227,0.448028,0.004265,0.514358,0.232394,0.066377,0.119099,-0.009989,0.217659,0.151972
0.314996,-0.022172,0.111881,-0.099893,0.218963,0.165274,-0.016976,0.513881,0.385004,0.447813,0.037624,0.799679,0.481037,0.434726,0.003395,0.486119,0.214996,0.063047,0.111881,-0.009989,0.228445,0.165274
0.298288,-0.023980,0.106311,-0.099010,0.227795,0.179827,-0.012462,0.542104,0.401712,0.459870,0.038738,0.797031,0.472205,0.420173,0.002492,0.457896,0.198288,0.060033,0.106311,-0.009901,0.241692,0.179827
0.282429,-0.025581,0.102460,-0.097235,0.238206,0.195515,-0.007818,0.570058,0.417571,0.470537,0.039508,0.791705,0.461794,0.404485,0.001564,0.429942,0.182429,0.057366,0.102460,-0.009724,0.257310,0.195515
0.267574,-0.026955,0.100381,-0.094573,0.250122,0.212208,-0.003085,0.597484,0.432426,0.479701,0.039924,0.783720,0.449878,0.387792,0.000617,0.402516,0.167574,0.055075,0.100381,-0.009457,0.275183,0.212208
0.253870,-0.028089,0.100115,-0.091039,0.263449,0.229765,0.001693,0.624126,0.446130,0.487262,0.039977,0.773117,0.436551,0.370235,-0.000339,0.375874,0.153870,0.053185,0.100115,-0.009104,0.295174,0.229765
0.241457,-0.028970,0.101684,-0.086655,0.278082,0.248034,0.006474,0.649728,0.458543,0.493131,0.039663,0.759965,0.421918,0.351966,-0.001295,0.350272,0.141457,0.051717,0.101684,-0.008665,0.317122,0.248034
0.230464,-0.029585,0.105095,-0.081452,0.293898,0.266853,0.011214,0.674040,0.469536,0.497234,0.038981,0.744356,0.406102,0.333147,-0.002243,0.325960,0.130464,0.050691,0.105095,-0.008145,0.340847,0.266853
0.221012,-0.029927,0.110336,-0.075470,0.310763,0.286051,0.015866,0.696821,0.478988,0.499513,0.037933,0.726410,0.389237,0.313949,-0.003173,0.303179,0.121012,0.050122,0.110336,-0.007547,0.366144,0.286051
0.213206,-0.029989,0.117380,-0.068756,0.328530,0.305453,0.020387,0.717837,0.486794,0.499926,0.036524,0.706269,0.371470,0.294547,-0.004077,0.282163,0.113206,0.050019,0.117380,-0.006876,0.392795,0.305453
0.207139,-0.029767,0.126178,-0.061367,0.347040,0.324875,0.024731,0.736869,0.492861,0.498447,0.034764,0.684100,0.352960,0.275125,-0.004946,0.263131,0.107139,0.050388,0.126178,-0.006137,0.420559,0.324875
0.202890,-0.029261,0.136668,-0.053364,0.366123,0.344133,0.028856,0.753713,0.497110,0.495070,0.032666,0.660093,0.333877,0.255867,-0.005771,0.246287,0.102890,0.051232,0.136668,-0.005336,0.449185,0.344133
0.200519,-0.028471,0.148765,-0.044820,0.385603,0.363037,0.032719,0.768181,0.499481,0.489806,0.030247,0.634459,0.314397,0.236963,-0.006544,0.231819,0.100519,0.052548,0.148765,-0.004482,0.478405,0.363037
0.200070,-0.027403,0.162372,-0.035809,0.405294,0.381401,0.036279,0.780106,0.499930,0.482685,0.027526,0.607428,0.294706,0.218599,-0.007256,0.219894,0.100070,0.054329,0.162372,-0.003581,0.507941,0.381401
0.201569,-0.026064,0.177370,-0.026417,0.425006,0.399038,0.039498,0.789343,0.498431,0.473757,0.024526,0.579251,0.274994,0.200962,-0.007900,0.210657,0.101569,0.056561,0.177370,-0.002642,0.537509,0.399038
0.205023,-0.024463,0.193628,-0.016731,0.444544,0.415767,0.042342,0.795772,0.494977,0.463089,0.021274,0.550192,0.255456,0.184233,-0.008468,0.204228,0.105023,0.059228,0.193628,-0.001673,0.566816,0.415767
0.210420,-0.022615,0.210998,-0.006843,0.463712,0.431412,0.044776,0.799297,0.489580,0.450768,0.017800,0.520530,0.236288,0.168588,-0.008955,0.200703,0.110420,0.062308,0.210998,-0.000684,0.595569,0.431412
0.217725,-0.020535,0.229318,0.003148,0.482316,0.445803,0.046773,0.799851,0.482275,0.436899,0.014136,0.490556,0.217684,0.154197,-0.009355,0.200149,0.117725,0.065775,0.229318,0.000315,0.623473,0.445803
0.226887,-0.018241,0.248414,0.013144,0.500160,0.458783,0.048308,0.797397,0.473113,0.421606,0.010317,0.460568,0.199840,0.141217,-0.009662,0.202603,0.126887,0.069598,0.248414,0.001314,0.650239,0.458783
0.237833,-0.015754,0.268101,0.023043,0.517055,0.470203,0.049360,0.791927,0.462167,0.405028,0.006380,0.430871,0.182945,0.129797,-0.009872,0.208073,0.137833,0.073743,0.268101,0.002304,0.675582,0.470203
0.250470,-0.013098,0.288183,0.032743,0.532819,0.479931,0.049913,0.783463,0.449530,0.387320,0.002363,0.401771,0.167181,0.120069,-0.009983,0.216537,0.150470,0.078170,0.288183,0.003274,0.699228,0.479931
0.264686,-0.010298,0.308459,0.042142,0.547276,0.487848,0.049955,0.772060,0.435314,0.368653,-0.001692,0.373575,0.152724,0.112152,-0.009991,0.227940,0.164686,0.082837,0.308459,0.004214,0.720914,0.487848
0.280352,-0.007382,0.328719,0.051138,0.560263,0.493851,0.049482,0.757806,0.419648,0.349210,-0.005744,0.346585,0.139737,0.106149,-0.009896,0.242194,0.180352,0.087697,0.328719,0.005114,0.740395,0.493851
0.297318,-0.004378,0.348753,0.059635,0.571629,0.497859,0.048492,0.740818,0.402682,0.329186,-0.009751,0.321096,0.128371,0.102141,-0.009698,0.259182,0.197318,0.092703,0.348753,0.005963,0.757443,0.497859
0.315421,-0.001318,0.368346,0.067536,0.581236,0.499807,0.046990,0.721245,0.384579,0.308785,-0.013669,0.297391,0.118764,0.100193,-0.009398,0.278755,0.215421,0.097804,0.368346,0.006754,0.771853,0.499807
0.334480,0.001767,0.387288,0.074753,0.588963,0.499653,0.044987,0.699269,0.365520,0.288220,-0.017458,0.275741,0.111037,0.100347,-0.008997,0.300731,0.234480,0.102945,0.387288,0.007475,0.783445,0.499653
0.354303,0.004844,0.405367,0.081200,0.594709,0.497376,0.042498,0.675096,0.345697,0.267707,-0.021073,0.256399,0.105291,0.102624,-0.008500,0.324904,0.254303,0.108073,0.405367,0.008120,0.792064,0.497376
0.374684,0.007880,0.422383,0.086801,0.598391,0.492978,0.039546,0.648965,0.325316,0.247468,-0.024477,0.239598,0.101609,0.107022,-0.007909,0.351035,0.274684,0.113133,0.422383,0.008680,0.797587,0.492978
0.395409,0.010841,0.438138,0.091485,0.599947,0.486484,0.036158,0.621136,0.304591,0.227725,-0.027628,0.225544,0.100053,0.113516,-0.007232,0.378864,0.295409,0.118069,0.438138,0.009149,0.799921,0.486484
0.416257,0.013695,0.452449,0.095193,0.599338,0.477943,0.032365,0.591896,0.283743,0.208697,-0.030490,0.214421,0.100662,0.122057,-0.006473,0.408104,0.316257,0.122826,0.452449,0.009519,0.799007,0.477943
0.436999,0.016410,0.465143,0.097873,0.596548,0.467428,0.028205,0.561550,0.263001,0.190602,-0.033029,0.206382,0.103452,0.132572,-0.005641,0.438450,0.336999,0.127350,0.465143,0.009787,0.794822,0.467428
0.457405,0.018953,0.476062,0.099485,0.591585,0.455033,0.023720,0.530421,0.242595,0.173648,-0.035212,0.201546,0.108415,0.144967,-0.004744,0.469579,0.357405,0.131588,0.476062,0.009948,0.787377,0.455033
0.477246,0.021294,0.485068,0.099999,0.584481,0.440877,0.018957,0.498848,0.222754,0.158037,-0.037014,0.200002,0.115519,0.159123,-0.003791,0.501152,0.377246,0.135491,0.485068,0.010000,0.776721,0.440877
0.496292,0.023407,0.492040,0.099400,0.575294,0.425101,0.013966,0.467180,0.203708,0.143956,-0.038408,0.201801,0.124706,0.174899,-0.002793,0.532820,0.396292,0.139011,0.492040,0.009940,0.762940,0.425101
0.514322,0.025263,0.496878,0.097681,0.564105,0.407865,0.008801,0.435772,0.185678,0.131580,-0.039376,0.206956,0.135895,0.192135,-0.001760,0.564228,0.414322,0.142105,0.496878,0.009768,0.746158,0.407865
0.531119,0.026840,0.499504,0.094852,0.551022,0.389350,0.003518,0.404983,0.168881,0.121068,-0.039901,0.215444,0.148978,0.210650,-0.000704,0.595017,0.431119,0.144733,0.499504,0.009485,0.726534,0.389350
0.546480,0.028116,0.499867,0.090932,0.536175,0.369754,-0.001822,0.375173,0.153520,0.112558,-0.039973,0.227203,0.163825,0.230246,0.000364,0.624827,0.446480,0.146860,0.499867,0.009093,0.704262,0.369754
0.560213,0.029075,0.497939,0.085957,0.519715,0.349292,-0.007159,0.346693,0.139787,0.106169,-0.039588,0.242130,0.180285,0.250708,0.001432,0.653307,0.460213,0.148458,0.497939,0.008596,0.679573,0.349292
0.572143,0.029700,0.493719,0.079972,0.501818,0.328191,-0.012432,0.319887,0.127857,0.101997,-0.038744,0.260085,0.198182,0.271809,0.002486,0.680113,0.472143,0.149501,0.493719,0.007997,0.652727,0.328191
0.582111,0.029983,0.487234,0.073037,0.482677,0.306692,-0.017578,0.295085,0.117889,0.100112,-0.037447,0.280888,0.217323,0.293308,0.003516,0.704915,0.482111,0.149972,0.487234,0.007304,0.624015,0.306692
0.589982,0.029916,0.478535,0.065225,0.462504,0.285043,-0.022535,0.272598,0.110018,0.100560,-0.035707,0.304326,0.237496,0.314957,0.004507,0.727402,0.489982,0.149860,0.478535,0.006522,0.593756,0.285043
0.595641,0.029496,0.467704,0.056618,0.441528,0.263498,-0.027244,0.252715,0.104359,0.103359,-0.033541,0.330147,0.258472,0.336502,0.005449,0.747285,0.495641,0.149160,0.467704,0.005662,0.562292,0.263498
0.598999,0.028725,0.454848,0.047310,0.419989,0.242314,-0.031645,0.235698,0.101001,0.108500,-0.030970,0.358069,0.280011,0.357686,0.006329,0.764302,0.498999,0.147875,0.454848,0.004731,0.529983,0.242314
0.599991,0.027608,0.440100,0.037408,0.398140,0.221748,-0.035683,0.221781,0.100009,0.115944,-0.028020,0.387777,0.301860,0.378252,0.007137,0.778219,0.499991,0.146014,0.440100,0.003741,0.497210,0.221748
0.598584,0.026156,0.423620,0.027022,0.376242,0.202055,-0.039305,0.211161,0.101416,0.125624,-0.024724,0.418933,0.323758,0.397945,0.007861,0.788839,0.498584,0.143594,0.423620,0.002702,0.464362,0.202055
0.594769,0.024383,0.405590,0.016276,0.354558,0.183482,-0.042464,0.204000,0.105231,0.137447,-0.021118,0.451172,0.345442,0.416518,0.008493,0.796000,0.494769,0.140638,0.405590,0.001628,0.431837,0.183482
0.588570,0.022307,0.386216,0.005296,0.333357,0.166267,-0.045116,0.200421,0.111430,0.151287,-0.017243,0.484111,0.366643,0.433733,0.009023,0.799579,0.488570,0.137178,0.386216,0.000530,0.400036,0.166267
0.580039,0.019951,0.365721,-0.005784,0.312904,0.150635,-0.047223,0.200502,0.119961,0.166996,-0.013144,0.517353,0.387096,0.449365,0.009445,0.799498,0.480039,0.133251,0.365721,-0.000578,0.369355,0.150635
0.569259,0.017341,0.344348,-0.016830,0.293458,0.136795,-0.048755,0.204279,0.130741,0.184397,-0.008870,0.550489,0.406542,0.463205,0.009751,0.795721,0.469259,0.128901,0.344348,-0.001683,0.340187,0.136795
0.556342,0.014507,0.322355,-0.027702,0.275272,0.124937,-0.049687,0.211741,0.143658,0.203290,-0.004471,0.583106,0.424728,0.475063,0.009937,0.788259,0.456342,0.124178,0.322355,-0.002770,0.312908,0.124937
0.541429,0.011482,0.300011,-0.038263,0.258587,0.115228,-0.050000,0.222830,0.158571,0.223453,-0.000002,0.614790,0.441413,0.484772,0.010000,0.777170,0.441429,0.119137,0.300011,-0.003826,0.287880,0.115228
0.524689,0.008303,0.277595,-0.048377,0.243626,0.107813,-0.049685,0.237442,0.175311,0.244644,0.004481,0.645131,0.456374,0.492187,0.009937,0.762558,0.424689,0.113839,0.277595,-0.004838,0.265439,0.107813
0.506315,0.005009,0.255391,-0.057911,0.230598,0.102808,-0.048740,0.255425,0.193685,0.266605,0.008922,0.673733,0.469402,0.497192,0.009748,0.744575,0.406315,0.108349,0.255391,-0.005791,0.245897,0.102808
0.486528,0.001641,0.233684,-0.066738,0.219687,0.100299,-0.047171,0.276583,0.213472,0.289062,0.013263,0.700213,0.480313,0.499701,0.009434,0.723417,0.386528,0.102735,0.233684,-0.006674,0.229530,0.100299
0.465568,-0.001760,0.212758,-0.074736,0.211053,0.100344,-0.044992,0.300675,0.234432,0.311730,0.017448,0.724209,0.488947,0.499656,0.008998,0.699325,0.365568,0.097067,0.212758,-0.007474,0.216580,0.100344
0.443694,-0.005148,0.192891,-0.081796,0.204831,0.102967,-0.042225,0.327416,0.256306,0.334320,0.021422,0.745387,0.495169,0.497033,0.008445,0.672584,0.343694,0.091420,0.192891,-0.008180,0.207247,0.102967
0.421183,-0.008480,0.174353,-0.087815,0.201125,0.108157,-0.038901,0.356484,0.278817,0.356535,0.025129,0.763445,0.498875,0.491843,0.007780,0.643516,0.321183,0.085866,0.174353,-0.008782,0.201688,0.108157
0.398325,-0.011712,0.157399,-0.092705,0.200007,0.115872,-0.035058,0.387521,0.301675,0.378082,0.028520,0.778116,0.499993,0.484128,0.007012,0.612479,0.298325,0.080480,0.157399,-0.009271,0.200011,0.115872
0.375415,-0.014800,0.142267,-0.096391,0.201517,0.126033,-0.030741,0.420135,0.324585,0.398669,0.031547,0.789174,0.498483,0.473967,0.006148,0.579865,0.275415,0.075333,0.142267,-0.009639,0.202275,0.126033
0.352760,-0.017702,0.129176,-0.098813,0.205659,0.138530,-0.026004,0.453910,0.347240,0.418015,0.034165,0.796438,0.494341,0.461470,0.005201,0.546090,0.252760,0.070496,0.129176,-0.009881,0.208489,0.138530
0.330663,-0.020377,0.118321,-0.099925,0.212404,0.153218,-0.020905,0.488404,0.369337,0.435849,0.036336,0.799776,0.487596,0.446782,0.004181,0.511596,0.230663,0.066038,0.118321,-0.009993,0.218606,0.153218
0.309426,-0.022788,0.109867,-0.099702,0.221685,0.169919,-0.015511,0.523162,0.390574,0.451918,0.038027,0.799105,0.478315,0.430081,0.003102,0.476838,0.209426,0.062021,0.109867,-0.009970,0.232527,0.169919
0.289345,-0.024898,0.103951,-0.098132,0.233400,0.188428,-0.009890,0.557715,0.410655,0.465987,0.039210,0.794396,0.466600,0.411572,0.001978,0.442285,0.189345,0.058503,0.103951,-0.009813,0.250100,0.188428
0.270704,-0.026677,0.100679,-0.095225,0.247414,0.208508,-0.004117,0.591593,0.429296,0.477846,0.039864,0.785676,0.452586,0.391492,0.000823,0.408407,0.170704,0.055538,0.100679,-0.009523,0.271121,0.208508
0.253771,-0.028097,0.100120,-0.091009,0.263555,0.229901,0.001730,0.624324,0.446229,0.487313,0.039976,0.773027,0.436445,0.370099,-0.000346,0.375676,0.153771,0.053172,0.100120,-0.009101,0.295333,0.229901
0.238796,-0.029135,0.102306,-0.085528,0.281622,0.252323,0.007571,0.655448,0.461204,0.494234,0.039539,0.756585,0.418378,0.347677,-0.001514,0.344552,0.138796,0.051441,0.102306,-0.008553,0.322433,0.252323
0.226005,-0.029774,0.107233,-0.078848,0.301382,0.275474,0.013325,0.684517,0.473995,0.498490,0.038553,0.736545,0.398618,0.324526,-0.002665,0.315483,0.126005,0.050377,0.107233,-0.007885,0.352072,0.275474
0.215595,-0.030000,0.114858,-0.071050,0.322574,0.299037,0.018911,0.711108,0.484405,0.499998,0.037028,0.713151,0.377426,0.300963,-0.003782,0.288892,0.115595,0.050001,0.114858,-0.007105,0.383861,0.299037
0.207735,-0.029806,0.125098,-0.062234,0.344915,0.322685,0.024250,0.734824,0.492265,0.498709,0.034980,0.686702,0.355085,0.277315,-0.004850,0.265176,0.107735,0.050323,0.125098,-0.006223,0.417373,0.322685
0.202560,-0.029193,0.137833,-0.052514,0.368101,0.346086,0.029264,0.755305,0.497440,0.494618,0.032433,0.657542,0.331899,0.253914,-0.005853,0.244695,0.102560,0.051346,0.137833,-0.005251,0.452151,0.346086
0.200168,-0.028163,0.152905,-0.042020,0.391809,0.368905,0.033878,0.772229,0.499832,0.487755,0.029419,0.626060,0.308191,0.231095,-0.006776,0.227771,0.100168,0.053061,0.152905,-0.004202,0.487714,0.368905
0.200618,-0.026729,0.170121,-0.030895,0.415706,0.390811,0.038023,0.785323,0.499382,0.478195,0.025976,0.592685,0.284294,0.209189,-0.007605,0.214677,0.100618,0.055451,0.170121,-0.003090,0.523559,0.390811
0.203929,-0.024907,0.189252,-0.019293,0.439449,0.411479,0.041634,0.794364,0.496071,0.466049,0.022150,0.557880,0.260551,0.188521,-0.008327,0.205636,0.103929,0.058488,0.189252,-0.001929,0.559174,0.411479
0.210081,-0.022721,0.210039,-0.007378,0.462695,0.430602,0.044656,0.799182,0.489919,0.451470,0.017992,0.522134,0.237305,0.169398,-0.008931,0.200818,0.110081,0.062132,0.210039,-0.000738,0.594043,0.430602
0.219008,-0.020197,0.232195,0.004680,0.485100,0.447885,0.047039,0.799671,0.480992,0.434648,0.013561,0.485960,0.214900,0.152115,-0.009408,0.200329,0.119008,0.066338,0.232195,0.000468,0.627650,0.447885
0.230607,-0.017371,0.255407,0.016706,0.506329,0.463060,0.048741,0.795784,0.469393,0.415808,0.008919,0.449883,0.193671,0.136940,-0.009748,0.204216,0.130607,0.071048,0.255407,0.001671,0.659494,0.463060
0.244729,-0.014282,0.279344,0.028522,0.526059,0.475883,0.049733,0.787539,0.455271,0.395211,0.004131,0.414434,0.173941,0.124117,-0.009947,0.212461,0.144729,0.076197,0.279344,0.002852,0.689089,0.475883
0.261189,-0.010972,0.303658,0.039952,0.543984,0.486145,0.049992,0.775018,0.438811,0.373144,-0.000732,0.380145,0.156016,0.113855,-0.009998,0.224982,0.161189,0.081714,0.303658,0.003995,0.715976,0.486145
0.279762,-0.007489,0.327989,0.050821,0.559821,0.493669,0.049508,0.758370,0.420238,0.349925,-0.005598,0.347536,0.140179,0.106331,-0.009902,0.241630,0.179762,0.087519,0.327989,0.005082,0.739732,0.493669
0.300189,-0.003883,0.351974,0.060963,0.573314,0.498317,0.048282,0.737807,0.399811,0.325889,-0.010395,0.317112,0.126686,0.101683,-0.009656,0.262193,0.200189,0.093528,0.351974,0.006096,0.759971,0.498317
0.322178,-0.000209,0.375247,0.070216,0.584238,0.499995,0.046326,0.713605,0.377822,0.301393,-0.015049,0.289351,0.115762,0.100005,-0.009265,0.286395,0.222178,0.099652,0.375247,0.007022,0.776357,0.499995
0.345410,0.003479,0.397450,0.078434,0.592406,0.498650,0.043663,0.686098,0.354590,0.276805,-0.019490,0.264697,0.107594,0.101350,-0.008733,0.313902,0.245410,0.105799,0.397450,0.007843,0.788608,0.498650
0.369541,0.007125,0.418234,0.085482,0.597667,0.494277,0.040327,0.655677,0.330459,0.252497,-0.023647,0.243554,0.102333,0.105723,-0.008065,0.344323,0.269541,0.111876,0.418234,0.008548,0.796500,0.494277
0.394209,0.010673,0.437267,0.091241,0.599916,0.486915,0.036364,0.622782,0.305791,0.228845,-0.027453,0.226276,0.100084,0.113085,-0.007273,0.377218,0.294209,0.117789,0.437267,0.009124,0.799874,0.486915
0.419039,0.014067,0.454241,0.095611,0.599092,0.476651,0.031829,0.587900,0.280961,0.206222,-0.030848,0.213166,0.100908,0.123349,-0.006366,0.412100,0.319039,0.123445,0.454241,0.009561,0.798638,0.476651
0.443645,0.017252,0.468875,0.098512,0.595180,0.463620,0.026788,0.551554,0.256355,0.184985,-0.033775,0.204463,0.104820,0.136380,-0.005358,0.448446,0.343645,0.128754,0.468875,0.009851,0.792770,0.463620
0.467642,0.020178,0.480918,0.099886,0.588214,0.448001,0.021314,0.514299,0.232358,0.165480,-0.036184,0.200341,0.111786,0.151999,-0.004263,0.485701,0.367642,0.133630,0.480918,0.009989,0.782321,0.448001
0.490649,0.022796,0.490159,0.099698,0.578277,0.430017,0.015491,0.476713,0.209351,0.148028,-0.038032,0.200905,0.121723,0.169983,-0.003098,0.523287,0.390649,0.137993,0.490159,0.009970,0.767416,0.430017
0.512292,0.025062,0.496429,0.097938,0.565501,0.409931,0.009406,0.439385,0.187708,0.132921,-0.039286,0.206187,0.134499,0.190069,-0.001881,0.560615,0.412292,0.141770,0.496429,0.009794,0.748251,0.409931
0.532216,0.026937,0.499601,0.094618,0.550063,0.388043,0.003155,0.402912,0.167784,0.120422,-0.039920,0.216145,0.149937,0.211957,-0.000631,0.597088,0.432216,0.144895,0.499601,0.009462,0.725094,0.388043
0.550089,0.028387,0.499599,0.089781,0.532187,0.364688,-0.003165,0.367883,0.149911,0.110750,-0.039920,0.230658,0.167813,0.235312,0.000633,0.632117,0.450089,0.147312,0.499599,0.008978,0.698280,0.364688
0.565604,0.029387,0.496394,0.083489,0.512139,0.340229,-0.009451,0.334873,0.134396,0.104088,-0.039279,0.249534,0.187861,0.259771,0.001890,0.665127,0.465604,0.148978,0.496394,0.008349,0.668209,0.340229
0.578492,0.029915,0.490012,0.075832,0.490225,0.315051,-0.015603,0.304434,0.121508,0.100567,-0.038002,0.272505,0.209775,0.284949,0.003121,0.695566,0.478492,0.149858,0.490012,0.007583,0.635338,0.315051
0.588520,0.029959,0.480528,0.066922,0.466785,0.289558,-0.021520,0.277082,0.111480,0.100273,-0.036106,0.299233,0.233215,0.310442,0.004304,0.722918,0.488520,0.149932,0.480528,0.006692,0.600178,0.289558
0.595500,0.029514,0.468071,0.056896,0.442189,0.264163,-0.027102,0.253290,0.104500,0.103237,-0.033614,0.329313,0.257811,0.335837,0.005420,0.746710,0.495500,0.149191,0.468071,0.005690,0.563283,0.264163
0.599291,0.028584,0.452820,0.045907,0.416830,0.239284,-0.032255,0.233480,0.100709,0.109439,-0.030564,0.362279,0.283170,0.360716,0.006451,0.766520,0.499291,0.147640,0.452820,0.004591,0.525245,0.239284
0.599803,0.027179,0.435005,0.034130,0.391123,0.215337,-0.036890,0.218014,0.100197,0.118803,-0.027001,0.397610,0.308877,0.384663,0.007378,0.781986,0.499803,0.145299,0.435005,0.003413,0.486684,0.215337
0.597000,0.025320,0.414898,0.021753,0.365490,0.192729,-0.040926,0.207184,0.103000,0.131202,-0.022980,0.434741,0.334510,0.407271,0.008185,0.792816,0.497000,0.142200,0.414898,0.002175,0.448236,0.192729
0.590901,0.023032,0.392818,0.008978,0.340362,0.171847,-0.044289,0.201212,0.109099,0.146452,-0.018564,0.473065,0.359638,0.428153,0.008858,0.798788,0.490901,0.138387,0.392818,0.000898,0.410544,0.171847
0.581581,0.020352,0.369117,-0.003982,0.316165,0.153059,-0.046919,0.200238,0.118419,0.164323,-0.013823,0.511947,0.383835,0.446941,0.009384,0.799762,0.481581,0.133919,0.369117,-0.000398,0.374248,0.153059
0.569170,0.017320,0.344184,-0.016912,0.293316,0.136698,-0.048765,0.204321,0.130830,0.184533,-0.008837,0.550737,0.406684,0.463302,0.009753,0.795679,0.469170,0.128867,0.344184,-0.001691,0.339974,0.136698
0.553853,0.013986,0.318432,-0.029591,0.272214,0.123064,-0.049787,0.213435,0.146147,0.206760,-0.003686,0.588772,0.427786,0.476936,0.009957,0.786565,0.453853,0.123310,0.318432,-0.002959,0.308321,0.123064
0.535868,0.010404,0.292295,-0.041799,0.253235,0.112413,-0.049963,0.227465,0.164132,0.230639,0.001541,0.625398,0.446765,0.487587,0.009993,0.772535,0.435868,0.117340,0.292295,-0.004180,0.279853,0.112413
0.515501,0.006634,0.266217,-0.053324,0.236722,0.104951,-0.049282,0.246211,0.184499,0.255775,0.006757,0.659973,0.463278,0.495049,0.009856,0.753789,0.415501,0.111056,0.266217,-0.005332,0.255084,0.104951
0.493085,0.002739,0.240650,-0.063961,0.222982,0.100835,-0.047748,0.269389,0.206915,0.281743,0.011870,0.691882,0.477018,0.499165,0.009550,0.730611,0.393085,0.104564,0.240650,-0.006396,0.234473,0.100835
0.468991,-0.001215,0.216044,-0.073516,0.212276,0.100164,-0.045381,0.296632,0.231009,0.308099,0.016791,0.720548,0.487724,0.499836,0.009076,0.703368,0.368991,0.097975,0.216044,-0.007352,0.218415,0.100164
0.443629,-0.005158,0.192835,-0.081815,0.204817,0.102978,-0.042216,0.327498,0.256371,0.334386,0.021433,0.745445,0.495183,0.497022,0.008443,0.672502,0.343629,0.091404,0.192835,-0.008181,0.207225,0.102978
0.417431,-0.009021,0.171442,-0.088701,0.200761,0.109257,-0.038302,0.361475,0.282569,0.360141,0.025712,0.766103,0.499239,0.490743,0.007660,0.638525,0.317431,0.084965,0.171442,-0.008870,0.201142,0.109257
0.390855,-0.012736,0.152260,-0.094041,0.200209,0.118917,-0.033702,0.397989,0.309145,0.384906,0.029548,0.782123,0.499791,0.481083,0.006740,0.602011,0.290855,0.078774,0.152260,-0.009404,0.200314,0.118917
0.364369,-0.016235,0.135646,-0.097728,0.203200,0.131816,-0.028491,0.436410,0.335631,0.408231,0.032871,0.793183,0.496800,0.468184,0.005698,0.563590,0.264369,0.072942,0.135646,-0.009773,0.204799,0.131816
0.338446,-0.019453,0.121918,-0.099681,0.209708,0.147748,-0.022758,0.476070,0.361554,0.429690,0.035616,0.799044,0.490292,0.452252,0.004552,0.523930,0.238446,0.067578,0.121918,-0.009968,0.214562,0.147748
0.313558,-0.022332,0.111346,-0.099853,0.219646,0.166454,-0.016601,0.516265,0.386442,0.448881,0.037731,0.799559,0.480354,0.433546,0.003320,0.483735,0.213558,0.062780,0.111346,-0.009985,0.229468,0.166454
0.290160,-0.024816,0.104147,-0.098225,0.232862,0.187618,-0.010129,0.556276,0.409840,0.465440,0.039171,0.794674,0.467138,0.412382,0.002026,0.443724,0.190160,0.058640,0.104147,-0.009822,0.249292,0.187618
0.268691,-0.026857,0.100478,-0.094812,0.249142,0.210875,-0.003456,0.595374,0.431309,0.479044,0.039904,0.784436,0.450858,0.389125,0.000691,0.404626,0.168691,0.055239,0.100478,-0.009481,0.273714,0.210875
0.249557,-0.028413,0.100436,-0.089662,0.268216,0.235819,0.003298,0.632839,0.450443,0.489422,0.039913,0.768987,0.431784,0.364181,-0.000660,0.367161,0.149557,0.052644,0.100436,-0.008966,0.302324,0.235819
0.233129,-0.029454,0.104049,-0.082856,0.289755,0.262005,0.010010,0.667970,0.466871,0.496358,0.039190,0.748568,0.410245,0.337995,-0.002002,0.332030,0.133129,0.050911,0.104049,-0.008286,0.334632,0.262005
0.219730,-0.029954,0.111281,-0.074506,0.313381,0.288961,0.016555,0.700100,0.480270,0.499695,0.037744,0.723517,0.386619,0.311039,-0.003311,0.299900,0.119730,0.050076,0.111281,-0.007451,0.370072,0.288961
0.209634,-0.029902,0.122027,-0.064753,0.338675,0.316193,0.022811,0.728611,0.490366,0.499343,0.035595,0.694260,0.361325,0.283807,-0.004562,0.271389,0.109634,0.050164,0.122027,-0.006475,0.408012,0.316193
0.203055,-0.029292,0.136115,-0.053770,0.365177,0.343195,0.028659,0.752941,0.496945,0.495280,0.032777,0.661310,0.334823,0.256805,-0.005732,0.247059,0.103055,0.051180,0.136115,-0.005377,0.447765,0.343195
0.200144,-0.028133,0.153307,-0.041751,0.392401,0.369460,0.033986,0.772601,0.499856,0.487551,0.029339,0.625254,0.307599,0.230540,-0.006797,0.227399,0.100144,0.053112,0.153307,-0.004175,0.488601,0.369460
0.200986,-0.026441,0.173304,-0.028915,0.419839,0.394488,0.038688,0.787185,0.499014,0.476273,0.025339,0.586746,0.280161,0.205512,-0.007738,0.212815,0.100986,0.055932,0.173304,-0.002892,0.529758,0.394488
0.205595,-0.024245,0.195750,-0.015499,0.446974,0.417794,0.042670,0.796375,0.494405,0.461631,0.020850,0.546496,0.253026,0.182206,-0.008534,0.203625,0.105595,0.059592,0.195750,-0.001550,0.570461,0.417794
0.213911,-0.021582,0.220237,-0.001752,0.473287,0.438922,0.045852,0.799954,0.486089,0.443878,0.015953,0.505257,0.226713,0.161078,-0.009170,0.200046,0.113911,0.064031,0.220237,-0.000175,0.609931,0.438922
0.225807,-0.018499,0.246313,0.012064,0.498268,0.457449,0.048165,0.797809,0.474193,0.423328,0.010737,0.463809,0.201732,0.142551,-0.009633,0.202191,0.125807,0.069168,0.246313,0.001206,0.647402,0.457449
0.241080,-0.015053,0.273488,0.025684,0.521426,0.472999,0.049559,0.789937,0.458920,0.400355,0.005302,0.422949,0.178574,0.127001,-0.009912,0.210063,0.141080,0.074911,0.273488,0.002568,0.682140,0.472999
0.259462,-0.011308,0.301245,0.038843,0.542299,0.485249,0.049999,0.776444,0.440538,0.375385,-0.000249,0.383471,0.157701,0.114751,-0.010000,0.223556,0.159462,0.081154,0.301245,0.003884,0.713449,0.485249
0.280621,-0.007333,0.329051,0.051282,0.560464,0.493934,0.049470,0.757548,0.419379,0.348885,-0.005810,0.346153,0.139536,0.106066,-0.009894,0.242452,0.180621,0.087779,0.329051,0.005128,0.740695,0.493934
0.304164,-0.003205,0.356361,0.062753,0.575543,0.498856,0.047974,0.733578,0.395836,0.321364,-0.011272,0.311742,0.124457,0.101144,-0.009595,0.266422,0.204164,0.094659,0.356361,0.006275,0.763315,0.498856
0.329647,0.000997,0.382636,0.073022,0.587218,0.499889,0.045532,0.704964,0.370353,0.293352,-0.016527,0.280934,0.112782,0.100111,-0.009106,0.295036,0.229647,0.101662,0.382636,0.007302,0.780827,0.499889
0.356584,0.005190,0.407349,0.081878,0.595231,0.496984,0.042187,0.672234,0.343416,0.265400,-0.021470,0.254367,0.104769,0.103016,-0.008437,0.327766,0.256584,0.108650,0.407349,0.008188,0.792846,0.496984
0.384450,0.009291,0.429998,0.089133,0.599395,0.490167,0.037997,0.636007,0.315550,0.238061,-0.026000,0.232601,0.100605,0.109833,-0.007599,0.363993,0.284450,0.115485,0.429998,0.008913,0.799092,0.490167
0.412697,0.013217,0.450115,0.094631,0.599597,0.479544,0.033039,0.596977,0.287303,0.211887,-0.030023,0.216107,0.100403,0.120456,-0.006608,0.403023,0.312697,0.122028,0.450115,0.009463,0.799395,0.479544
0.440763,0.016888,0.467276,0.098248,0.595802,0.465298,0.027407,0.555906,0.259237,0.187410,-0.033455,0.205255,0.104198,0.134702,-0.005481,0.444094,0.340763,0.128147,0.467276,0.009825,0.793703,0.465298
0.468079,0.020229,0.481115,0.099897,0.588057,0.447689,0.021209,0.513605,0.231921,0.165137,-0.036223,0.200309,0.111943,0.152311,-0.004242,0.486395,0.368079,0.133716,0.481115,0.009990,0.782085,0.447689
0.494087,0.023170,0.491325,0.099529,0.576487,0.427047,0.014567,0.470921,0.205913,0.145537,-0.038265,0.201413,0.123513,0.172953,-0.002913,0.529079,0.394087,0.138616,0.491325,0.009953,0.764731,0.427047
0.518247,0.025646,0.497670,0.097136,0.561300,0.403770,0.007611,0.428721,0.181753,0.129027,-0.039534,0.208591,0.138700,0.196230,-0.001522,0.571279,0.418247,0.142743,0.497670,0.009714,0.741949,0.403770
0.540052,0.027604,0.499991,0.092752,0.542777,0.378313,0.000482,0.387871,0.159948,0.115970,-0.039998,0.221743,0.157223,0.221687,-0.000096,0.612129,0.440052,0.146007,0.499991,0.009275,0.714166,0.378313
0.559035,0.029001,0.498210,0.086452,0.521275,0.351184,-0.006675,0.349221,0.140965,0.106660,-0.039642,0.240644,0.178725,0.248816,0.001335,0.650779,0.459035,0.148335,0.498210,0.008645,0.681913,0.351184
0.574783,0.029802,0.492332,0.078351,0.497216,0.322929,-0.013712,0.313587,0.125217,0.101319,-0.038466,0.264947,0.202784,0.277071,0.002742,0.686413,0.474783,0.149670,0.492332,0.007835,0.645824,0.322929
0.586943,0.029987,0.482449,0.068604,0.471079,0.294128,-0.020482,0.281731,0.113057,0.100086,-0.036490,0.294187,0.228921,0.305872,0.004096,0.718269,0.486943,0.149978,0.482449,0.006860,0.606618,0.294128
0.595236,0.029547,0.468737,0.057402,0.443394,0.265378,-0.026842,0.254348,0.104764,0.103020,-0.033747,0.327793,0.256606,0.334622,0.005368,0.745652,0.495236,0.149245,0.468737,0.005740,0.565091,0.265378
0.599457,0.028487,0.451454,0.044969,0.414731,0.237281,-0.032655,0.232045,0.100543,0.110089,-0.030291,0.365092,0.285269,0.362719,0.006531,0.767955,0.499457,0.147478,0.451454,0.004497,0.522097,0.237281
0.599487,0.026824,0.430938,0.031558,0.385687,0.210436,-0.037795,0.215331,0.100513,0.121175,-0.026188,0.405325,0.314313,0.389564,0.007559,0.784669,0.499487,0.144706,0.430938,0.003156,0.478530,0.210436
0.595295,0.024589,0.407599,0.017446,0.356873,0.185420,-0.042147,0.204601,0.104705,0.136075,-0.021520,0.447662,0.343127,0.414580,0.008429,0.795399,0.495295,0.140981,0.407599,0.001745,0.435309,0.185420
0.586937,0.021825,0.381913,0.002928,0.328906,0.162779,-0.045614,0.200129,0.113063,0.154499,-0.016383,0.491217,0.371094,0.437221,0.009123,0.799871,0.486937,0.136375,0.381913,0.000293,0.393358,0.162779
0.574563,0.018588,0.354413,-0.011689,0.302389,0.143017,-0.048114,0.202057,0.125437,0.176079,-0.010883,0.535068,0.397611,0.456983,0.009623,0.797943,0.474563,0.130980,0.354413,-0.001169,0.353584,0.143017
0.558407,0.014944,0.325676,-0.026091,0.277905,0.126579,-0.049586,0.210391,0.141593,0.200375,-0.005135,0.578273,0.422095,0.473421,0.009917,0.789609,0.458407,0.124906,0.325676,-0.002609,0.316857,0.126579
0.538791,0.010968,0.296314,-0.039965,0.255996,0.113845,-0.049992,0.224999,0.161209,0.226882,0.000737,0.619894,0.444004,0.486155,0.009998,0.775001,0.438791,0.118280,0.296314,-0.003996,0.283994,0.113845
0.516116,0.006744,0.266960,-0.053005,0.237159,0.105119,-0.049313,0.245610,0.183884,0.255040,0.006608,0.659015,0.462841,0.494881,0.009863,0.754390,0.416116,0.111240,0.266960,-0.005300,0.255739,0.105119
0.490853,0.002363,0.238255,-0.064921,0.221827,0.100621,-0.047558,0.271818,0.209147,0.284247,0.012349,0.694764,0.478173,0.499379,0.009512,0.728182,0.390853,0.103938,0.238255,-0.006492,0.232740,0.100621
0.463538,-0.002081,0.210833,-0.075444,0.210361,0.100482,-0.044756,0.303091,0.236462,0.313871,0.017833,0.726333,0.489639,0.499518,0.008951,0.696909,0.363538,0.096532,0.210833,-0.007544,0.215541,0.100482
0.434757,-0.006489,0.185308,-0.084332,0.203043,0.104735,-0.040962,0.338775,0.265243,0.343261,0.022938,0.752995,0.496957,0.495265,0.008192,0.661225,0.334757,0.089185,0.185308,-0.008433,0.204565,0.104735
0.405138,-0.010765,0.162258,-0.091374,0.200066,0.113319,-0.036252,0.378113,0.294862,0.371765,0.027548,0.774123,0.499934,0.486681,0.007250,0.621887,0.305138,0.082059,0.162258,-0.009137,0.200099,0.113319
0.375332,-0.014811,0.142216,-0.096402,0.201527,0.126075,-0.030725,0.420256,0.324668,0.398742,0.031557,0.789207,0.498473,0.473925,0.006145,0.579744,0.275332,0.075314,0.142216,-0.009640,0.202291,0.126075
0.346006,-0.018537,0.125650,-0.099289,0.207426,0.142747,-0.024498,0.464283,0.353994,0.423579,0.034870,0.797866,0.492574,0.457253,0.004900,0.535717,0.246006,0.069105,0.125650,-0.009929,0.211139,0.142747
0.317822,-0.021855,0.112960,-0.099953,0.217663,0.162991,-0.017706,0.509218,0.382178,0.445700,0.037408,0.799858,0.482337,0.437009,0.003541,0.490782,0.217822,0.063575,0.112960,-0.009995,0.226495,0.162991
0.291424,-0.024688,0.104458,-0.098363,0.232038,0.186374,-0.010498,0.554053,0.408576,0.464588,0.039108,0.795090,0.467962,0.413626,0.002100,0.445947,0.191424,0.058853,0.104458,-0.009836,0.248057,0.186374
0.267424,-0.026968,0.100369,-0.094540,0.250255,0.212389,-0.003035,0.597769,0.432576,0.479789,0.039926,0.783621,0.449745,0.387611,0.000607,0.402231,0.167424,0.055053,0.100369,-0.009454,0.275383,0.212389
0.246386,-0.028640,0.100817,-0.088555,0.271927,0.240461,0.004515,0.639364,0.453614,0.490932,0.039837,0.765665,0.428073,0.359539,-0.000903,0.360636,0.146386,0.052267,0.100817,-0.008855,0.307890,0.240461
0.228814,-0.029660,0.105825,-0.080528,0.296581,0.269963,0.011980,0.677867,0.471186,0.497732,0.038835,0.741585,0.403419,0.330037,-0.002396,0.322133,0.128814,0.050567,0.105825,-0.008053,0.344871,0.269963
0.215138,-0.030000,0.115311,-0.070631,0.323672,0.300226,0.019186,0.712372,0.484862,0.500000,0.036938,0.711892,0.376328,0.299774,-0.003837,0.287628,0.115138,0.050000,0.115311,-0.007063,0.385509,0.300226
0.205700,-0.029648,0.129086,-0.059077,0.352592,0.330556,0.025967,0.742051,0.494300,0.497652,0.034183,0.677232,0.347408,0.269444,-0.005193,0.257949,0.105700,0.050587,0.129086,-0.005908,0.428888,0.330556
0.200751,-0.028606,0.146863,-0.046125,0.382680,0.360248,0.032161,0.766181,0.499249,0.490710,0.030627,0.638376,0.317320,0.239752,-0.006432,0.233819,0.100751,0.052323,0.146863,-0.004613,0.474020,0.360248
0.200439,-0.026895,0.168254,-0.032067,0.413244,0.388604,0.037619,0.784158,0.499561,0.479302,0.026349,0.596200,0.286756,0.211396,-0.007524,0.215842,0.100439,0.055174,0.168254,-0.003207,0.519865,0.388604
0.204803,-0.024550,0.192783,-0.017223,0.443569,0.414951,0.042208,0.795517,0.495197,0.463665,0.021443,0.551670,0.256431,0.185049,-0.008442,0.204483,0.104803,0.059084,0.192783,-0.001722,0.565353,0.414951
0.213775,-0.021621,0.219894,-0.001939,0.472939,0.438652,0.045814,0.799944,0.486225,0.444137,0.016021,0.505818,0.227061,0.161348,-0.009163,0.200056,0.113775,0.063966,0.219894,-0.000194,0.609408,0.438652
0.227173,-0.018173,0.248965,0.013426,0.500652,0.459129,0.048345,0.797284,0.472827,0.421153,0.010207,0.459721,0.199348,0.140871,-0.009669,0.202716,0.127173,0.069712,0.248965,0.001343,0.650978,0.459129
0.244711,-0.014285,0.279316,0.028509,0.526038,0.475870,0.049732,0.787551,0.455289,0.395235,0.004137,0.414474,0.173962,0.124130,-0.009946,0.212449,0.144711,0.076191,0.279316,0.002851,0.689056,0.475870
0.266000,-0.010047,0.310233,0.042945,0.548472,0.488450,0.049935,0.770927,0.434000,0.366982,-0.002047,0.371164,0.151528,0.111550,-0.009987,0.229073,0.166000,0.083254,0.310233,0.004295,0.722708,0.488450
0.290553,-0.005558,0.340976,0.056385,0.567396,0.496537,0.048939,0.747763,0.409447,0.337056,-0.008195,0.330845,0.132604,0.103463,-0.009788,0.252237,0.190553,0.090736,0.340976,0.005638,0.751093,0.496537
0.317801,-0.000925,0.370802,0.068496,0.582328,0.499905,0.046762,0.718573,0.382199,0.306168,-0.014160,0.294511,0.117672,0.100095,-0.009352,0.281427,0.217801,0.098458,0.370802,0.006850,0.773492,0.499905
0.347104,0.003741,0.398983,0.078977,0.592878,0.498439,0.043447,0.684021,0.352896,0.275058,-0.019797,0.263069,0.107122,0.101561,-0.008689,0.315979,0.247104,0.106235,0.398983,0.007898,0.789317,0.498439
0.377762,0.008327,0.424820,0.087560,0.598760,0.492140,0.039067,0.644911,0.322238,0.244483,-0.024964,0.237320,0.101240,0.107860,-0.007813,0.355089,0.277762,0.113879,0.424820,0.008756,0.798140,0.492140
0.409034,0.012721,0.447665,0.094022,0.599796,0.481130,0.033722,0.602169,0.290966,0.215196,-0.029533,0.217934,0.100204,0.118870,-0.006744,0.397831,0.309034,0.121201,0.447665,0.009402,0.799694,0.481130
0.440155,0.016812,0.466936,0.098190,0.595927,0.465647,0.027537,0.556819,0.259845,0.187923,-0.033387,0.205430,0.104073,0.134353,-0.005507,0.443181,0.340155,0.128019,0.466936,0.009819,0.793891,0.465647
0.470358,0.020497,0.482132,0.099945,0.587216,0.446040,0.020658,0.509963,0.229642,0.163353,-0.036426,0.200165,0.112784,0.153960,-0.004132,0.490037,0.370358,0.134162,0.482132,0.009994,0.780824,0.446040
0.498885,0.023683,0.492849,0.099226,0.573844,0.422769,0.013251,0.462753,0.201115,0.142115,-0.038570,0.202321,0.126156,0.177231,-0.002650,0.537247,0.398885,0.139471,0.492849,0.009923,0.760766,0.422769
0.525016,0.026286,0.498788,0.096035,0.556112,0.396387,0.005497,0.416363,0.174984,0.124759,-0.039758,0.211894,0.143888,0.203613,-0.001099,0.583637,0.425016,0.143810,0.498788,0.009604,0.734168,0.396387
0.548078,0.028238,0.499767,0.090434,0.534435,0.367535,-0.002412,0.371959,0.151922,0.111747,-0.039953,0.228697,0.165565,0.232465,0.000482,0.628041,0.448078,0.147063,0.499767,0.009043,0.701653,0.367535
0.567472,0.029484,0.495729,0.082548,0.509330,0.336919,-0.010278,0.330672,0.132528,0.103437,-0.039146,0.252355,0.190670,0.263081,0.002056,0.669328,0.467472,0.149141,0.495729,0.008255,0.663995,0.336919
0.582682,0.029989,0.486740,0.072561,0.481409,0.305302,-0.017903,0.293567,0.117318,0.100070,-0.037348,0.282318,0.218591,0.294698,0.003581,0.706433,0.482682,0.149982,0.486740,0.007256,0.622113,0.305302
0.593293,0.029735,0.472995,0.060710,0.451359,0.273480,-0.025091,0.261612,0.106707,0.101766,-0.034599,0.317870,0.248641,0.326520,0.005018,0.738388,0.493293,0.149558,0.472995,0.006071,0.577039,0.273480
0.599004,0.028723,0.454812,0.047286,0.419933,0.242260,-0.031656,0.235658,0.100996,0.108516,-0.030962,0.358142,0.280067,0.357740,0.006331,0.764342,0.499004,0.147871,0.454812,0.004729,0.529900,0.242260
0.599635,0.026973,0.432626,0.032621,0.387927,0.212449,-0.037425,0.216411,0.100365,0.120181,-0.026525,0.402136,0.312073,0.387551,0.007485,0.783589,0.499635,0.144955,0.432626,0.003262,0.481890,0.212449
0.595136,0.024526,0.406981,0.017086,0.356159,0.184821,-0.042246,0.204411,0.104864,0.136495,-0.021396,0.448743,0.343841,0.415179,0.008449,0.795589,0.495136,0.140876,0.406981,0.001709,0.434238,0.184821
0.585587,0.021440,0.378516,0.001074,0.325452,0.160105,-0.045986,0.200017,0.114413,0.157068,-0.015703,0.496779,0.374548,0.439895,0.009197,0.799983,0.485587,0.135733,0.378516,0.000107,0.388178,0.160105
0.571203,0.017791,0.347951,-0.015002,0.296610,0.138963,-0.048542,0.203395,0.128797,0.181395,-0.009590,0.545006,0.403390,0.461037,0.009708,0.796605,0.471203,0.129651,0.347951,-0.001500,0.344914,0.138963
0.552326,0.013670,0.316068,-0.030722,0.270397,0.121970,-0.049838,0.214509,0.147674,0.208866,-0.003214,0.592167,0.429603,0.478030,0.009968,0.785491,0.452326,0.122783,0.316068,-0.003072,0.305596,0.121970
0.529420,0.009182,0.283693,-0.045674,0.247519,0.109599,-0.049834,0.233120,0.170580,0.238784,0.003261,0.637021,0.452481,0.490401,0.009967,0.766880,0.429420,0.115304,0.283693,-0.004567,0.271278,0.109599
0.503060,0.004443,0.251675,-0.059458,0.228598,0.102206,-0.048518,0.258788,0.196940,0.270377,0.009665,0.678373,0.471402,0.497794,0.009704,0.741212,0.403060,0.107406,0.251675,-0.005946,0.242897,0.102206
0.473921,-0.000423,0.220863,-0.071702,0.214162,0.100020,-0.045919,0.290884,0.226079,0.302823,0.015827,0.715105,0.485838,0.499980,0.009184,0.709116,0.373921,0.099294,0.220863,-0.007170,0.221243,0.100020
0.442756,-0.005290,0.192081,-0.082071,0.204624,0.103134,-0.042096,0.328597,0.257244,0.335266,0.021584,0.746213,0.495376,0.496866,0.008419,0.671403,0.342756,0.091184,0.192081,-0.008207,0.206935,0.103134
0.410384,-0.010026,0.166112,-0.090277,0.200270,0.111500,-0.037143,0.370960,0.289616,0.366840,0.026778,0.770830,0.499730,0.488500,0.007429,0.629040,0.310384,0.083290,0.166112,-0.009028,0.200405,0.111500
0.377662,-0.014504,0.143668,-0.096084,0.201251,0.124929,-0.031185,0.416870,0.322338,0.396696,0.031266,0.788252,0.498749,0.475071,0.006237,0.583130,0.277662,0.075826,0.143668,-0.009608,0.201877,0.124929
0.345469,-0.018603,0.125377,-0.099322,0.207578,0.143093,-0.024376,0.465115,0.354531,0.424017,0.034925,0.797965,0.492422,0.456907,0.004875,0.534885,0.245469,0.068996,0.125377,-0.009932,0.211367,0.143093
0.314677,-0.022208,0.111761,-0.099885,0.219113,0.165534,-0.016894,0.514408,0.385323,0.448050,0.037648,0.799654,0.480887,0.434466,0.003379,0.485592,0.214677,0.062987,0.111761,-0.009988,0.228670,0.165534
0.286133,-0.025218,0.103220,-0.097740,0.235579,0.191670,-0.008937,0.563418,0.413867,0.468121,0.039356,0.793220,0.464421,0.408330,0.001787,0.436582,0.186133,0.057970,0.103220,-0.009774,0.253369,0.191670
0.260627,-0.027548,0.100021,-0.092929,0.256559,0.220814,-0.000719,0.610807,0.439373,0.483656,0.039996,0.778786,0.443441,0.379186,0.000144,0.389193,0.160627,0.054086,0.100021,-0.009293,0.284839,0.220814
0.238879,-0.029130,0.102285,-0.085565,0.281510,0.252188,0.007536,0.655268,0.461121,0.494201,0.039543,0.756694,0.418490,0.347812,-0.001507,0.344732,0.138879,0.051450,0.102285,-0.008556,0.322264,0.252188
0.221511,-0.029915,0.109986,-0.075833,0.309770,0.284943,0.015602,0.695560,0.478489,0.499432,0.038003,0.727500,0.390230,0.315057,-0.003120,0.304440,0.121511,0.050142,0.109986,-0.007583,0.364654,0.284943
0.209030,-0.029876,0.122949,-0.063988,0.340581,0.318185,0.023255,0.730541,0.490970,0.499172,0.035410,0.691965,0.359419,0.281815,-0.004651,0.269459,0.109030,0.050207,0.122949,-0.006399,0.410872,0.318185
0.201816,-0.029008,0.140846,-0.050344,0.373106,0.350995,0.030280,0.759209,0.498184,0.493390,0.031831,0.651033,0.326894,0.249005,-0.006056,0.240791,0.101816,0.051653,0.140846,-0.005034,0.459659,0.350995
0.200104,-0.027332,0.163213,-0.035269,0.406450,0.382456,0.036477,0.780722,0.499896,0.482212,0.027357,0.605807,0.293550,0.217544,-0.007295,0.219278,0.100104,0.054447,0.163213,-0.003527,0.509674,0.382456
0.203977,-0.024887,0.189452,-0.019175,0.439685,0.411679,0.041668,0.794433,0.496023,0.465915,0.022110,0.557526,0.260315,0.188321,-0.008334,0.205567,0.103977,0.058521,0.189452,-0.001918,0.559527,0.411679
0.213362,-0.021739,0.218852,-0.002509,0.471877,0.437829,0.045699,0.799906,0.486638,0.444925,0.016230,0.507526,0.228123,0.162171,-0.009140,0.200094,0.113362,0.063769,0.218852,-0.000251,0.607815,0.437829
0.228031,-0.017970,0.250603,0.014264,0.502111,0.460148,0.048451,0.796932,0.471969,0.419802,0.009879,0.457207,0.197889,0.139852,-0.009690,0.203068,0.128031,0.070049,0.250603,0.001426,0.653166,0.460148
0.247602,-0.013685,0.283821,0.030669,0.529518,0.477979,0.049836,0.785543,0.452398,0.391233,0.003236,0.407992,0.170482,0.122021,-0.009967,0.214457,0.147602,0.077192,0.283821,0.003067,0.694276,0.477979
0.271549,-0.009001,0.317570,0.046237,0.553299,0.490785,0.049807,0.766006,0.428451,0.360008,-0.003514,0.361290,0.146701,0.109215,-0.009961,0.233994,0.171549,0.084998,0.317570,0.004624,0.729948,0.490785
0.299217,-0.004050,0.350889,0.060517,0.572751,0.498169,0.048354,0.738830,0.400783,0.327002,-0.010178,0.318450,0.127249,0.101831,-0.009671,0.261170,0.199217,0.093249,0.350889,0.006052,0.759126,0.498169
0.329836,0.001027,0.382819,0.073091,0.587288,0.499883,0.045512,0.704743,0.370164,0.293151,-0.016564,0.280728,0.112712,0.100117,-0.009102,0.295257,0.229836,0.101712,0.382819,0.007309,0.780933,0.499883
0.362540,0.006086,0.412431,0.083585,0.596461,0.495841,0.041352,0.664686,0.337460,0.259426,-0.022486,0.249244,0.103539,0.104159,-0.008270,0.335314,0.262540,0.110143,0.412431,0.008359,0.794691,0.495841
0.396398,0.010979,0.438851,0.091684,0.599968,0.486124,0.035986,0.619778,0.303602,0.226804,-0.027770,0.224949,0.100032,0.113876,-0.007197,0.380222,0.296398,0.118299,0.438851,0.009168,0.799951,0.486124
0.430432,0.015564,0.461293,0.097135,0.597671,0.470979,0.029564,0.571296,0.269568,0.196239,-0.032259,0.208595,0.102329,0.129021,-0.005913,0.428704,0.330432,0.125940,0.461293,0.009714,0.796507,0.470979
0.463649,0.019704,0.479075,0.099763,0.589602,0.450812,0.022266,0.520630,0.236351,0.168639,-0.035815,0.200710,0.110398,0.149188,-0.004453,0.479370,0.363649,0.132840,0.479075,0.009976,0.784403,0.450812
0.495071,0.023276,0.491647,0.099473,0.575959,0.426183,0.014299,0.469254,0.204929,0.144829,-0.038329,0.201580,0.124041,0.173817,-0.002860,0.530746,0.395071,0.138793,0.491647,0.009947,0.763938,0.426183
0.523761,0.026169,0.498605,0.096256,0.557109,0.397789,0.005895,0.418675,0.176239,0.125537,-0.039721,0.211233,0.142891,0.202211,-0.001179,0.581325,0.423761,0.143616,0.498605,0.009626,0.735664,0.397789
0.548853,0.028296,0.499708,0.090186,0.533577,0.366445,-0.002700,0.370393,0.151147,0.111360,-0.039942,0.229441,0.166423,0.233555,0.000540,0.629607,0.448853,0.147160,0.499708,0.009019,0.700365,0.366445
0.569580,0.029587,0.494887,0.081428,0.506031,0.333065,-0.011234,0.325857,0.130420,0.102752,-0.038977,0.255717,0.193969,0.266935,0.002247,0.674143,0.469580,0.149312,0.494887,0.008143,0.659047,0.333065
0.585296,0.029999,0.484247,0.070224,0.475268,0.298629,-0.019450,0.286419,0.114704,0.100005,-0.036849,0.289327,0.224732,0.301371,0.003890,0.713581,0.485296,0.149999,0.484247,0.007022,0.612902,0.298629
0.595500,0.029514,0.468071,0.056896,0.442189,0.264163,-0.027102,0.253290,0.104500,0.103237,-0.033614,0.329313,0.257811,0.335837,0.005420,0.746710,0.495500,0.149191,0.468071,0.005690,0.563283,0.264163
0.599849,0.028142,0.446810,0.041830,0.407772,0.230702,-0.033955,0.227507,0.100151,0.112389,-0.029362,0.374511,0.292228,0.369298,0.006791,0.772493,0.499849,0.146903,0.446810,0.004183,0.511659,0.230702
0.598176,0.025917,0.421075,0.025470,0.373051,0.199263,-0.039797,0.209894,0.101824,0.127222,-0.024215,0.423589,0.326949,0.400737,0.007959,0.790106,0.498176,0.143194,0.421075,0.002547,0.459576,0.199263
0.590494,0.022902,0.391618,0.008305,0.339074,0.170813,-0.044445,0.201036,0.109506,0.147322,-0.018324,0.475084,0.360926,0.429187,0.008889,0.798964,0.490494,0.138170,0.391618,0.000831,0.408611,0.170813
0.576999,0.019184,0.359312,-0.009148,0.306881,0.146234,-0.047751,0.201258,0.123001,0.172109,-0.011862,0.527444,0.393119,0.453766,0.009550,0.798742,0.476999,0.131973,0.359312,-0.000915,0.360321,0.146234
0.558069,0.014872,0.325128,-0.026358,0.277467,0.126304,-0.049604,0.210608,0.141931,0.200855,-0.005026,0.579073,0.422533,0.473696,0.009921,0.789392,0.458069,0.124786,0.325128,-0.002636,0.316201,0.126304
0.534249,0.010095,0.290102,-0.042794,0.251753,0.111663,-0.049939,0.228858,0.165751,0.232702,0.001980,0.628382,0.448247,0.488337,0.009988,0.771142,0.434249,0.116825,0.290102,-0.004279,0.277629,0.111663
0.506244,0.004997,0.255309,-0.057945,0.230553,0.102794,-0.048736,0.255498,0.193756,0.266688,0.008938,0.673836,0.469447,0.497206,0.009747,0.744502,0.406244,0.108328,0.255309,-0.005795,0.245830,0.102794
0.474895,-0.000266,0.221828,-0.071335,0.214553,0.100008,-0.046023,0.289757,0.225105,0.301773,0.015634,0.714004,0.485447,0.499992,0.009205,0.710243,0.374895,0.099557,0.221828,-0.007133,0.221829,0.100008
0.441156,-0.005531,0.190707,-0.082536,0.204280,0.103429,-0.041874,0.330617,0.258844,0.336875,0.021859,0.747607,0.495720,0.496571,0.008375,0.669383,0.341156,0.090781,0.190707,-0.008254,0.206421,0.103429
0.406064,-0.010635,0.162932,-0.091185,0.200092,0.112988,-0.036411,0.376844,0.293936,0.370899,0.027414,0.773555,0.499908,0.487012,0.007282,0.623156,0.306064,0.082275,0.162932,-0.009119,0.200138,0.112988
0.370712,-0.015416,0.139393,-0.096996,0.202156,0.128424,-0.029797,0.427021,0.329288,0.402771,0.032121,0.790988,0.497844,0.471576,0.005959,0.572979,0.270712,0.074307,0.139393,-0.009700,0.203234,0.128424
0.336208,-0.019721,0.120858,-0.099768,0.210446,0.149287,-0.022232,0.479595,0.363792,0.431475,0.035828,0.799305,0.489554,0.450713,0.004446,0.520405,0.236208,0.067131,0.120858,-0.009977,0.215669,0.149287
0.303649,-0.023413,0.107941,-0.099396,0.224739,0.174951,-0.013950,0.532920,0.396351,0.456086,0.038412,0.798188,0.475261,0.425049,0.002790,0.467080,0.203649,0.060978,0.107941,-0.009940,0.237108,0.174951
0.274080,-0.026370,0.101088,-0.095872,0.244617,0.204632,-0.005208,0.585309,0.425920,0.475798,0.039782,0.787615,0.455383,0.395368,0.001042,0.414691,0.174080,0.056050,0.101088,-0.009587,0.266925,0.204632
0.248459,-0.028493,0.100553,-0.089288,0.269481,0.237408,0.003716,0.635088,0.451541,0.489953,0.039889,0.767864,0.430519,0.362592,-0.000743,0.364912,0.148459,0.052512,0.100553,-0.008929,0.304221,0.237408
0.227630,-0.029710,0.106392,-0.079837,0.298567,0.272251,0.012540,0.680648,0.472370,0.498066,0.038722,0.739512,0.401433,0.327749,-0.002508,0.319352,0.127630,0.050484,0.106392,-0.007984,0.347850,0.272251
0.212292,-0.029976,0.118456,-0.067806,0.330967,0.308054,0.020979,0.720503,0.487708,0.499838,0.036309,0.703417,0.369033,0.291946,-0.004196,0.279497,0.112292,0.050041,0.118456,-0.006781,0.396450,0.308054
0.202971,-0.029276,0.136394,-0.053565,0.365655,0.343670,0.028759,0.753332,0.497029,0.495174,0.032721,0.660695,0.334345,0.256330,-0.005752,0.246668,0.102971,0.051206,0.136394,-0.005356,0.448483,0.343670
0.200006,-0.027628,0.159661,-0.037563,0.401525,0.377943,0.035624,0.778031,0.499994,0.484187,0.028068,0.612689,0.298475,0.222057,-0.007125,0.221969,0.100006,0.053953,0.159661,-0.003756,0.502287,0.377943
0.203531,-0.025079,0.187533,-0.020309,0.437416,0.409753,0.041345,0.793748,0.496469,0.467195,0.022493,0.560926,0.262584,0.190247,-0.008269,0.206252,0.103531,0.058201,0.187533,-0.002031,0.556124,0.409753
0.213471,-0.021708,0.219127,-0.002358,0.472158,0.438047,0.045730,0.799917,0.486529,0.444717,0.016175,0.507074,0.227842,0.161953,-0.009146,0.200083,0.113471,0.063821,0.219127,-0.000236,0.608237,0.438047
0.229538,-0.017618,0.253433,0.015706,0.504607,0.461877,0.048626,0.796277,0.470462,0.417455,0.009313,0.452883,0.195393,0.138123,-0.009725,0.203723,0.129538,0.070636,0.253433,0.001571,0.656910,0.461877
0.251240,-0.012942,0.289338,0.033289,0.533681,0.480433,0.049929,0.782890,0.448760,0.386279,0.002132,0.400134,0.166319,0.119567,-0.009986,0.217110,0.151240,0.078430,0.289338,0.003329,0.700521,0.480433
0.277896,-0.007829,0.325665,0.049808,0.558400,0.493070,0.049587,0.760140,0.422104,0.352193,-0.005133,0.350577,0.141600,0.106930,-0.009917,0.239860,0.177896,0.086952,0.325665,0.004981,0.737600,0.493070
0.308650,-0.002446,0.361214,0.064709,0.577919,0.499334,0.047600,0.728725,0.391350,0.316310,-0.012243,0.305874,0.122081,0.100666,-0.009520,0.271275,0.208650,0.095923,0.361214,0.006471,0.766879,0.499334
0.342504,0.003028,0.394796,0.077487,0.591557,0.498979,0.044027,0.689638,0.357496,0.279814,-0.018959,0.267540,0.108443,0.101021,-0.008805,0.310362,0.242504,0.105047,0.394796,0.007749,0.787336,0.498979
0.378345,0.008412,0.425277,0.087701,0.598824,0.491977,0.038976,0.644141,0.321655,0.243920,-0.025055,0.236896,0.101176,0.108023,-0.007795,0.355859,0.278345,0.114020,0.425277,0.008770,0.798236,0.491977
0.414982,0.013524,0.451618,0.094995,0.599438,0.478523,0.032608,0.593720,0.285018,0.209837,-0.030324,0.215015,0.100562,0.121477,-0.006522,0.406280,0.314982,0.122541,0.451618,0.009500,0.799157,0.478523
0.451186,0.018192,0.472906,0.099105,0.593339,0.459034,0.025129,0.540046,0.248814,0.178722,-0.034581,0.202685,0.106661,0.140966,-0.005026,0.459954,0.351186,0.130319,0.472906,0.009911,0.790008,0.459034
0.485732,0.022253,0.488391,0.099873,0.580693,0.434131,0.016787,0.484914,0.214268,0.151646,-0.037678,0.200380,0.119307,0.165869,-0.003357,0.515086,0.385732,0.137088,0.488391,0.009987,0.771040,0.434131
0.517435,0.025567,0.497514,0.097255,0.561892,0.404628,0.007859,0.430186,0.182565,0.129551,-0.039503,0.208236,0.138108,0.195372,-0.001572,0.569814,0.417435,0.142612,0.497514,0.009725,0.742838,0.404628
0.545200,0.028017,0.499927,0.091318,0.537539,0.371504,-0.001354,0.377730,0.154800,0.113219,-0.039985,0.226047,0.162461,0.228496,0.000271,0.622270,0.445200,0.146695,0.499927,0.009132,0.706309,0.371504
0.568053,0.029514,0.495507,0.082246,0.508436,0.335870,-0.010539,0.329354,0.131947,0.103243,-0.039101,0.253261,0.191564,0.264130,0.002108,0.670646,0.468053,0.149189,0.495507,0.008225,0.662653,0.335870
0.585180,0.030000,0.484366,0.070334,0.475553,0.298936,-0.019380,0.286742,0.114820,0.100003,-0.036873,0.288999,0.224447,0.301064,0.003876,0.713258,0.485180,0.149999,0.484366,0.007033,0.613329,0.298936
0.595959,0.029453,0.466850,0.055974,0.440002,0.261967,-0.027569,0.251399,0.104041,0.103650,-0.033370,0.332079,0.259998,0.338033,0.005514,0.748601,0.495959,0.149088,0.466850,0.005597,0.560003,0.261967
0.599978,0.027885,0.443526,0.039649,0.402999,0.226243,-0.034821,0.224589,0.100022,0.114097,-0.028705,0.381052,0.297001,0.373757,0.006964,0.775411,0.499978,0.146476,0.443526,0.003965,0.504499,0.226243
0.597058,0.025347,0.415172,0.021917,0.365821,0.193012,-0.040877,0.207294,0.102942,0.131022,-0.023034,0.434250,0.334179,0.406988,0.008175,0.792706,0.497058,0.142244,0.415172,0.002192,0.448731,0.193012
0.587261,0.021919,0.382748,0.003385,0.329762,0.163447,-0.045520,0.200172,0.112739,0.153872,-0.016550,0.489844,0.370238,0.436553,0.009104,0.799828,0.487261,0.136532,0.382748,0.000339,0.394644,0.163447
0.570890,0.017718,0.347365,-0.015300,0.296094,0.138606,-0.048578,0.203532,0.129110,0.181881,-0.009473,0.545900,0.403906,0.461394,0.009716,0.796468,0.470890,0.129530,0.347365,-0.001530,0.344141,0.138606
0.548483,0.012886,0.310250,-0.033483,0.266012,0.119389,-0.049934,0.217317,0.151517,0.214094,-0.002050,0.600450,0.433988,0.480611,0.009987,0.782683,0.448483,0.121476,0.310250,-0.003348,0.299018,0.119389
0.520795,0.007590,0.272702,-0.050520,0.240600,0.106507,-0.049532,0.241100,0.179205,0.249400,0.005460,0.651561,0.459400,0.493493,0.009906,0.758900,0.420795,0.112650,0.272702,-0.005052,0.260899,0.106507
0.488777,0.002015,0.236049,-0.065801,0.220783,0.100452,-0.047375,0.274096,0.211223,0.286564,0.012790,0.697402,0.479217,0.499548,0.009475,0.725904,0.388777,0.103359,0.236049,-0.006580,0.231175,0.100452
0.453542,-0.003642,0.201600,-0.078771,0.207300,0.101479,-0.043530,0.315186,0.246458,0.324277,0.019680,0.736313,0.492700,0.498521,0.008706,0.684814,0.353542,0.093931,0.201600,-0.007877,0.210950,0.101479
0.416329,-0.009179,0.170597,-0.088955,0.200668,0.109592,-0.038124,0.362949,0.283671,0.361195,0.025881,0.766865,0.499332,0.490408,0.007625,0.637051,0.316329,0.084701,0.170597,-0.008896,0.201002,0.109592
0.378461,-0.014399,0.144171,-0.095972,0.201163,0.124541,-0.031342,0.415712,0.321539,0.395991,0.031166,0.787916,0.498837,0.475459,0.006268,0.584288,0.278461,0.076002,0.144171,-0.009597,0.201745,0.124541
0.341296,-0.019110,0.123298,-0.099551,0.208809,0.145828,-0.023421,0.471605,0.358704,0.427401,0.035340,0.798653,0.491191,0.454172,0.004684,0.528395,0.241296,0.068150,0.123298,-0.009955,0.213214,0.145828
0.306180,-0.023141,0.108764,-0.099544,0.223371,0.172720,-0.014639,0.528629,0.393820,0.454272,0.038247,0.798631,0.476629,0.427280,0.002928,0.471371,0.206180,0.061432,0.108764,-0.009954,0.235057,0.172720
0.274397,-0.026340,0.101131,-0.095929,0.244360,0.204274,-0.005310,0.584723,0.425603,0.475603,0.039774,0.787788,0.455640,0.395726,0.001062,0.415277,0.174397,0.056099,0.101131,-0.009593,0.266540,0.204274
0.247122,-0.028588,0.100717,-0.088819,0.271049,0.239369,0.004230,0.637840,0.452878,0.490588,0.039857,0.766458,0.428951,0.360631,-0.000846,0.362160,0.147122,0.052353,0.100717,-0.008882,0.306574,0.239369
0.225377,-0.029796,0.107578,-0.078453,0.302496,0.276744,0.013633,0.686026,0.474623,0.498643,0.038484,0.735360,0.397504,0.323256,-0.002727,0.313974,0.125377,0.050339,0.107578,-0.007845,0.353744,0.276744
0.209992,-0.029915,0.121503,-0.065193,0.337575,0.315040,0.022554,0.727484,0.490008,0.499434,0.035699,0.695579,0.362425,0.284960,-0.004511,0.272516,0.109992,0.050142,0.121503,-0.006519,0.406363,0.315040
0.201567,-0.028933,0.142020,-0.049509,0.375016,0.352855,0.030662,0.760652,0.498433,0.492889,0.031596,0.648528,0.324984,0.247145,-0.006132,0.239348,0.101567,0.051778,0.142020,-0.004951,0.462525,0.352855
0.200453,-0.026882,0.168409,-0.031969,0.413450,0.388789,0.037653,0.784257,0.499547,0.479211,0.026318,0.595906,0.286550,0.211211,-0.007531,0.215743,0.100453,0.055197,0.168409,-0.003197,0.520175,0.388789
0.206733,-0.023830,0.199724,-0.013210,0.451456,0.421500,0.043261,0.797371,0.493267,0.458864,0.020055,0.539631,0.248544,0.178500,-0.008652,0.202629,0.106733,0.060284,0.199724,-0.001321,0.577184,0.421500
0.220214,-0.019886,0.234828,0.006074,0.487619,0.449750,0.047271,0.799446,0.479786,0.432570,0.013034,0.481777,0.212381,0.150250,-0.009454,0.200554,0.120214,0.066857,0.234828,0.000607,0.631429,0.449750
0.240434,-0.015191,0.272431,0.025168,0.520577,0.472462,0.049523,0.790343,0.459566,0.401277,0.005514,0.424497,0.179423,0.127538,-0.009905,0.209657,0.140434,0.074681,0.272431,0.002517,0.680865,0.472462
0.266673,-0.009919,0.311136,0.043353,0.549077,0.488751,0.049922,0.770341,0.433327,0.366129,-0.002227,0.369940,0.150923,0.111249,-0.009984,0.229659,0.166673,0.083468,0.311136,0.004335,0.723615,0.488751
0.297975,-0.004264,0.349495,0.059941,0.572020,0.497969,0.048445,0.740132,0.402025,0.328429,-0.009899,0.320176,0.127980,0.102031,-0.009689,0.259868,0.197975,0.092893,0.349495,0.005994,0.758031,0.497969
0.333189,0.001562,0.386054,0.074297,0.588511,0.499729,0.045135,0.700798,0.366811,0.289586,-0.017211,0.277110,0.111489,0.100271,-0.009027,0.299202,0.233189,0.102604,0.386054,0.007430,0.782766,0.499729
0.370999,0.007340,0.419420,0.085862,0.597886,0.493921,0.040108,0.653782,0.329001,0.251066,-0.023884,0.242413,0.102114,0.106079,-0.008022,0.346218,0.270999,0.112234,0.419420,0.008586,0.796829,0.493921
0.409982,0.012850,0.448303,0.094183,0.599751,0.480726,0.033547,0.600829,0.290018,0.214337,-0.029661,0.217452,0.100249,0.119274,-0.006709,0.399171,0.309982,0.121416,0.448303,0.009418,0.799626,0.480726
0.448655,0.017878,0.471577,0.098922,0.593991,0.460605,0.025692,0.543929,0.251345,0.180811,-0.034315,0.203234,0.106009,0.139395,-0.005138,0.456071,0.348655,0.129797,0.471577,0.009892,0.790987,0.460605
0.485535,0.022231,0.488318,0.099879,0.580787,0.434292,0.016838,0.485240,0.214465,0.151792,-0.037664,0.200363,0.119213,0.165708,-0.003368,0.514760,0.385535,0.137052,0.488318,0.009988,0.771180,0.434292
0.519191,0.025737,0.497845,0.096995,0.560603,0.402766,0.007321,0.427013,0.180809,0.128421,-0.039569,0.209014,0.139397,0.197234,-0.001464,0.572987,0.419191,0.142895,0.497845,0.009700,0.740905,0.402766
0.548307,0.028255,0.499750,0.090362,0.534183,0.367214,-0.002497,0.371497,0.151693,0.111633,-0.039950,0.228915,0.165817,0.232786,0.000499,0.628503,0.448307,0.147092,0.499750,0.009036,0.701274,0.367214
0.571729,0.029683,0.493919,0.080214,0.502514,0.328993,-0.012236,0.320860,0.128271,0.102113,-0.038784,0.259357,0.197486,0.271007,0.002447,0.679140,0.471729,0.149472,0.493919,0.008021,0.653771,0.328993
0.588514,0.029959,0.480535,0.066929,0.466801,0.289575,-0.021516,0.277099,0.111486,0.100272,-0.036107,0.299214,0.233199,0.310425,0.004303,0.722901,0.488514,0.149932,0.480535,0.006693,0.600201,0.289575
0.597971,0.029066,0.460079,0.051006,0.428415,0.250492,-0.029974,0.241959,0.102029,0.106224,-0.032016,0.346981,0.271585,0.349508,0.005995,0.758041,0.497971,0.148444,0.460079,0.005101,0.542623,0.250492
0.599689,0.027033,0.433315,0.033057,0.388847,0.213278,-0.037272,0.216865,0.100311,0.119780,-0.026663,0.400830,0.311153,0.386722,0.007454,0.783135,0.499689,0.145055,0.433315,0.003306,0.483270,0.213278
0.593557,0.023933,0.401260,0.013775,0.349646,0.179407,-0.043118,0.202860,0.106443,0.140446,-0.020252,0.458675,0.350354,0.420593,0.008624,0.797140,0.493557,0.139888,0.401260,0.001377,0.424468,0.179407
0.579776,0.019883,0.365151,-0.006085,0.312361,0.150235,-0.047273,0.200556,0.120224,0.167447,-0.013030,0.518256,0.387639,0.449765,0.009455,0.799444,0.479776,0.133138,0.365151,-0.000609,0.368541,0.150235
0.558849,0.015038,0.326396,-0.025740,0.278480,0.126942,-0.049563,0.210109,0.141151,0.199746,-0.005279,0.577221,0.421520,0.473058,0.009913,0.789891,0.458849,0.125063,0.326396,-0.002574,0.317721,0.126942
0.531570,0.009587,0.286522,-0.044407,0.249370,0.110486,-0.049886,0.231203,0.168430,0.236089,0.002696,0.633222,0.450630,0.489514,0.009977,0.768797,0.431570,0.115978,0.286522,-0.004441,0.274055,0.110486
0.498992,0.003743,0.247115,-0.061336,0.226217,0.101563,-0.048220,0.263059,0.201008,0.275047,0.010577,0.684008,0.473783,0.498437,0.009644,0.736941,0.398992,0.106238,0.247115,-0.006134,0.239325,0.101563
0.462393,-0.002261,0.209755,-0.075839,0.209981,0.100569,-0.044620,0.304459,0.237607,0.315074,0.018049,0.727517,0.490019,0.499431,0.008924,0.695541,0.362393,0.096232,0.209755,-0.007584,0.214972,0.100569
0.423220,-0.008185,0.175954,-0.087320,0.201353,0.107588,-0.039221,0.353792,0.276780,0.354566,0.024809,0.761960,0.498647,0.492412,0.007844,0.646208,0.323220,0.086358,0.175954,-0.008732,0.202029,0.107588
0.383042,-0.013789,0.147097,-0.095300,0.200720,0.122379,-0.032230,0.409109,0.316958,0.391928,0.030581,0.785900,0.499280,0.477621,0.006446,0.590891,0.283042,0.077018,0.147097,-0.009530,0.201080,0.122379
0.343478,-0.018845,0.124377,-0.099437,0.208153,0.144386,-0.023922,0.468204,0.356522,0.425636,0.035125,0.798310,0.491847,0.455614,0.004784,0.531796,0.243478,0.068591,0.124377,-0.009944,0.212229,0.144386
0.306140,-0.023145,0.108750,-0.099541,0.223392,0.172754,-0.014628,0.528695,0.393860,0.454300,0.038250,0.798624,0.476608,0.427246,0.002926,0.471305,0.206140,0.061425,0.108750,-0.009954,0.235088,0.172754
0.272563,-0.026509,0.100893,-0.095588,0.245858,0.206360,-0.004721,0.588124,0.427437,0.476724,0.039821,0.786765,0.454142,0.393640,0.000944,0.411876,0.172563,0.055819,0.100893,-0.009559,0.268787,0.206360
0.244139,-0.028794,0.101169,-0.087717,0.274671,0.243856,0.005397,0.644052,0.455861,0.491958,0.039766,0.763152,0.425329,0.356144,-0.001079,0.355948,0.144139,0.052011,0.101169,-0.008772,0.312006,0.243856
0.222066,-0.029900,0.109608,-0.076231,0.308680,0.283724,0.015311,0.694165,0.477934,0.499337,0.038078,0.728692,0.391320,0.316276,-0.003062,0.305835,0.122066,0.050166,0.109608,-0.007623,0.363020,0.283724
0.207285,-0.029777,0.125908,-0.061583,0.346512,0.324332,0.024612,0.736365,0.492715,0.498514,0.034818,0.684748,0.353488,0.275668,-0.004922,0.263635,0.107285,0.050371,0.125908,-0.006158,0.419768,0.324332
0.200448,-0.028422,0.149436,-0.044362,0.386623,0.364006,0.032911,0.768864,0.499552,0.489481,0.030113,0.633087,0.313377,0.235994,-0.006582,0.231136,0.100448,0.052630,0.149436,-0.004436,0.479934,0.364006
0.201880,-0.025885,0.179254,-0.025270,0.427359,0.401094,0.039859,0.790263,0.498120,0.472569,0.024149,0.575811,0.272641,0.198906,-0.007972,0.209737,0.101880,0.056858,0.179254,-0.002527,0.541038,0.401094
0.211566,-0.022266,0.214152,-0.005093,0.467027,0.434036,0.045160,0.799611,0.488434,0.448440,0.017170,0.515278,0.232973,0.165964,-0.009032,0.200389,0.111566,0.062890,0.214152,-0.000509,0.600541,0.434036
0.229145,-0.017710,0.252700,0.015333,0.503963,0.461433,0.048582,0.796452,0.470855,0.418065,0.009460,0.454001,0.196037,0.138567,-0.009716,0.203548,0.129145,0.070484,0.252700,0.001533,0.655945,0.461433
0.253920,-0.012403,0.293299,0.035151,0.536604,0.482108,0.049972,0.780855,0.446080,0.382684,0.001340,0.394546,0.163396,0.117892,-0.009994,0.219145,0.153920,0.079329,0.293299,0.003515,0.704906,0.482108
0.284887,-0.006564,0.334251,0.053525,0.563551,0.495153,0.049261,0.753408,0.415113,0.343762,-0.006850,0.339425,0.136449,0.104847,-0.009852,0.246592,0.184887,0.089059,0.334251,0.005352,0.745327,0.495153
0.320770,-0.000439,0.373827,0.069669,0.583637,0.499979,0.046469,0.715210,0.379230,0.302924,-0.014765,0.290992,0.116363,0.100021,-0.009294,0.284790,0.220770,0.099269,0.373827,0.006967,0.775456,0.499979
0.360074,0.005716,0.410343,0.082889,0.595974,0.496336,0.041702,0.667824,0.339926,0.261890,-0.022069,0.251333,0.104026,0.103664,-0.008340,0.332176,0.260074,0.109527,0.410343,0.008289,0.793962,0.496336
0.401145,0.011639,0.442229,0.092606,0.599997,0.484335,0.035152,0.613216,0.298855,0.222407,-0.028446,0.222183,0.100003,0.115665,-0.007030,0.386784,0.301145,0.119398,0.442229,0.009261,0.799995,0.484335
0.442238,0.017075,0.468098,0.098386,0.595489,0.464445,0.027091,0.553682,0.257762,0.186167,-0.033620,0.204842,0.104511,0.135555,-0.005418,0.446318,0.342238,0.128458,0.468098,0.009839,0.793234,0.464445
0.481592,0.021789,0.486812,0.099962,0.582600,0.437476,0.017856,0.491745,0.218408,0.154741,-0.037362,0.200114,0.117400,0.162524,-0.003571,0.508255,0.381592,0.136315,0.486812,0.009996,0.773900,0.437476
0.517507,0.025574,0.497528,0.097244,0.561840,0.404552,0.007837,0.430056,0.182493,0.129504,-0.039506,0.208268,0.138160,0.195448,-0.001567,0.569944,0.417507,0.142624,0.497528,0.009724,0.742759,0.404552
0.548416,0.028263,0.499742,0.090327,0.534063,0.367061,-0.002537,0.371278,0.151584,0.111578,-0.039948,0.229019,0.165937,0.232939,0.000507,0.628722,0.448416,0.147105,0.499742,0.009033,0.701094,0.367061
0.572953,0.029733,0.493315,0.079488,0.500435,0.326604,-0.012820,0.317970,0.127047,0.101777,-0.038663,0.261536,0.199565,0.273396,0.002564,0.682030,0.472953,0.149556,0.493315,0.007949,0.650652,0.326604
0.590021,0.029915,0.478479,0.065178,0.462387,0.284921,-0.022563,0.272478,0.109979,0.100569,-0.035696,0.304466,0.237613,0.315079,0.004513,0.727522,0.490021,0.149858,0.478479,0.006518,0.593581,0.284921
0.598835,0.028792,0.455840,0.048003,0.421555,0.243824,-0.031339,0.236824,0.101165,0.108051,-0.031168,0.355992,0.278445,0.356176,0.006268,0.763176,0.498835,0.147987,0.455840,0.004800,0.532333,0.243824
0.598968,0.026409,0.426345,0.028699,0.379711,0.205114,-0.038760,0.212620,0.101032,0.123942,-0.025269,0.413904,0.320289,0.394886,0.007752,0.787380,0.498968,0.144015,0.426345,0.002870,0.469566,0.205114
0.590369,0.022862,0.391256,0.008102,0.338685,0.170502,-0.044492,0.200986,0.109631,0.147586,-0.018251,0.475694,0.361315,0.429498,0.008898,0.799014,0.490369,0.138104,0.391256,0.000810,0.408028,0.170502
0.573372,0.018303,0.352087,-0.012886,0.300290,0.141534,-0.048275,0.202501,0.126628,0.177982,-0.010417,0.538659,0.399710,0.458466,0.009655,0.797499,0.473372,0.130504,0.352087,-0.001289,0.350436,0.141534
0.548685,0.012927,0.310551,-0.033341,0.266236,0.119519,-0.049930,0.217166,0.151315,0.213822,-0.002110,0.600024,0.433764,0.480481,0.009986,0.782834,0.448685,0.121544,0.310551,-0.003334,0.299354,0.119519
0.517363,0.006968,0.268476,-0.052352,0.238056,0.105470,-0.049375,0.244396,0.182637,0.253544,0.006305,0.657057,0.461944,0.494530,0.009875,0.755604,0.417363,0.111614,0.268476,-0.005235,0.257083,0.105470
0.480765,0.000690,0.227732,-0.069066,0.217033,0.100053,-0.046622,0.283046,0.219235,0.295401,0.014454,0.707198,0.482967,0.499947,0.009324,0.716954,0.380765,0.101150,0.227732,-0.006907,0.225549,0.100053
0.440500,-0.005630,0.190146,-0.082725,0.204144,0.103554,-0.041782,0.331448,0.259500,0.337534,0.021971,0.748174,0.495856,0.496446,0.008356,0.668552,0.340500,0.090617,0.190146,-0.008272,0.206215,0.103554
0.398352,-0.011708,0.157418,-0.092700,0.200007,0.115861,-0.035063,0.387482,0.301648,0.378056,0.028516,0.778100,0.499993,0.484139,0.007013,0.612518,0.298352,0.080486,0.157418,-0.009270,0.200010,0.115861
0.356208,-0.017271,0.131045,-0.098525,0.204853,0.136466,-0.026756,0.448669,0.343792,0.415138,0.033791,0.795576,0.495147,0.463534,0.005351,0.551331,0.256208,0.071215,0.131045,-0.009853,0.207280,0.136466
0.315968,-0.022063,0.112247,-0.099916,0.218510,0.164483,-0.017228,0.512274,0.384032,0.447089,0.037551,0.799749,0.481490,0.435517,0.003446,0.487726,0.215968,0.063228,0.112247,-0.009992,0.227765,0.164483
0.279463,-0.025865,0.101916,-0.096787,0.240404,0.198680,-0.006905,0.575430,0.420537,0.472436,0.039617,0.790362,0.459596,0.401320,0.001381,0.424570,0.179463,0.056891,0.101916,-0.009679,0.260606,0.198680
0.248371,-0.028499,0.100563,-0.089258,0.269582,0.237536,0.003750,0.635267,0.451629,0.489995,0.039887,0.767774,0.430418,0.362464,-0.000750,0.364733,0.148371,0.052501,0.100563,-0.008926,0.304374,0.237536
0.224137,-0.029839,0.108296,-0.077649,0.304752,0.279303,0.014251,0.689040,0.475863,0.498926,0.038341,0.732946,0.395248,0.320697,-0.002850,0.310960,0.124137,0.050268,0.108296,-0.007765,0.357129,0.279303
0.207902,-0.029817,0.124806,-0.062470,0.344336,0.322086,0.024118,0.734260,0.492098,0.498777,0.035039,0.687409,0.355664,0.277914,-0.004824,0.265740,0.107902,0.050306,0.124806,-0.006247,0.416504,0.322086
0.200454,-0.028426,0.149381,-0.044400,0.386539,0.363927,0.032896,0.768808,0.499546,0.489508,0.030124,0.633199,0.313461,0.236073,-0.006579,0.231192,0.100454,0.052623,0.149381,-0.004440,0.479809,0.363927
0.202177,-0.025725,0.180930,-0.024256,0.429432,0.402895,0.040173,0.791041,0.497823,0.471501,0.023814,0.572768,0.270568,0.197105,-0.008035,0.208959,0.102177,0.057125,0.180930,-0.002426,0.544148,0.402895
0.213041,-0.021831,0.218031,-0.002958,0.471037,0.437176,0.045608,0.799869,0.486959,0.445543,0.016394,0.508875,0.228963,0.162824,-0.009122,0.200131,0.113041,0.063614,0.218031,-0.000296,0.606556,0.437176
0.232586,-0.016920,0.258991,0.018512,0.509419,0.465157,0.048938,0.794815,0.467414,0.412797,0.008202,0.444465,0.190581,0.134843,-0.009788,0.205185,0.132586,0.071801,0.258991,0.001851,0.664129,0.465157
0.259948,-0.011213,0.301927,0.039157,0.542777,0.485505,0.049998,0.776045,0.440052,0.374753,-0.000385,0.382530,0.157223,0.114495,-0.010000,0.223955,0.159948,0.081312,0.301927,0.003916,0.714166,0.485505
0.293888,-0.004974,0.344843,0.058009,0.569530,0.497232,0.048727,0.744366,0.406112,0.333158,-0.008969,0.325973,0.130470,0.102768,-0.009745,0.255634,0.193888,0.091710,0.344843,0.005801,0.754294,0.497232
0.332852,0.001509,0.385732,0.074177,0.588391,0.499747,0.045173,0.701196,0.367148,0.289943,-0.017146,0.277469,0.111609,0.100253,-0.009035,0.298804,0.232852,0.102514,0.385732,0.007418,0.782586,0.499747
0.375033,0.007931,0.422661,0.086888,0.598436,0.492885,0.039492,0.648507,0.324967,0.247128,-0.024532,0.239336,0.101564,0.107115,-0.007898,0.351493,0.275033,0.113218,0.422661,0.008689,0.797653,0.492885
0.418460,0.013990,0.453871,0.095526,0.599146,0.476923,0.031941,0.588732,0.281540,0.206735,-0.030774,0.213423,0.100854,0.123077,-0.006388,0.411268,0.318460,0.123316,0.453871,0.009553,0.798719,0.476923
0.461086,0.019397,0.477858,0.099661,0.590443,0.452570,0.022867,0.524665,0.238914,0.170685,-0.035572,0.201016,0.109557,0.147430,-0.004573,0.475335,0.361086,0.132329,0.477858,0.009966,0.785664,0.452570
0.500884,0.023894,0.493447,0.099076,0.572692,0.420940,0.012694,0.459323,0.199116,0.140709,-0.038689,0.202771,0.127308,0.179060,-0.002539,0.540677,0.400884,0.139823,0.493447,0.009908,0.759038,0.420940
0.535946,0.027260,0.499856,0.093775,0.546693,0.383502,0.001900,0.395809,0.164054,0.118266,-0.039971,0.218674,0.153307,0.216498,-0.000380,0.604191,0.435946,0.145434,0.499856,0.009378,0.720039,0.383502
0.564573,0.029331,0.496731,0.083988,0.513647,0.342017,-0.009003,0.337167,0.135427,0.104463,-0.039346,0.248037,0.186353,0.257983,0.001801,0.662833,0.464573,0.148884,0.496731,0.008399,0.670470,0.342017
0.585363,0.029999,0.484177,0.070161,0.475103,0.298450,-0.019492,0.286230,0.114637,0.100006,-0.036835,0.289518,0.224897,0.301550,0.003898,0.713770,0.485363,0.149998,0.484177,0.007016,0.612654,0.298450
0.597278,0.029227,0.462750,0.052939,0.432886,0.254887,-0.029061,0.245486,0.102722,0.105154,-0.032550,0.341184,0.267114,0.345113,0.005812,0.754514,0.497278,0.148711,0.462750,0.005294,0.549328,0.254887
0.599698,0.027044,0.433440,0.033136,0.389014,0.213429,-0.037244,0.216948,0.100302,0.119707,-0.026688,0.400593,0.310986,0.386571,0.007449,0.783052,0.499698,0.145073,0.433440,0.003314,0.483521,0.213429
0.592460,0.023549,0.397626,0.011698,0.345603,0.176092,-0.043639,0.202060,0.107540,0.143007,-0.019525,0.464907,0.354397,0.423908,0.008728,0.797940,0.492460,0.139248,0.397626,0.001170,0.418405,0.176092
0.575869,0.018905,0.357015,-0.010343,0.304762,0.144710,-0.047925,0.201609,0.124131,0.173965,-0.011403,0.531029,0.395238,0.455290,0.009585,0.798391,0.475869,0.131509,0.357015,-0.001034,0.357143,0.144710
0.550685,0.013333,0.313561,-0.031916,0.268493,0.120839,-0.049885,0.215690,0.149315,0.211110,-0.002712,0.595747,0.431507,0.479161,0.009977,0.784310,0.450685,0.122222,0.313561,-0.003192,0.302740,0.120839
0.518099,0.007101,0.269375,-0.051964,0.238591,0.105684,-0.049410,0.243684,0.181901,0.252660,0.006125,0.655892,0.461409,0.494316,0.009882,0.756316,0.418099,0.111835,0.269375,-0.005196,0.257887,0.105684
0.479670,0.000511,0.226619,-0.069497,0.216553,0.100029,-0.046513,0.284288,0.220330,0.296596,0.014676,0.708491,0.483447,0.499971,0.009303,0.715712,0.379670,0.100851,0.226619,-0.006950,0.224830,0.100029
0.437262,-0.006116,0.187403,-0.083640,0.203502,0.104200,-0.041323,0.335566,0.262738,0.340771,0.022519,0.750921,0.496498,0.495800,0.008265,0.664434,0.337262,0.089807,0.187403,-0.008364,0.205253,0.104200
0.392948,-0.012451,0.153680,-0.093680,0.200124,0.118038,-0.034087,0.395040,0.307052,0.383005,0.029264,0.781040,0.499876,0.481962,0.006817,0.604960,0.292948,0.079249,0.153680,-0.009368,0.200187,0.118038
0.348911,-0.018180,0.127145,-0.099098,0.206635,0.140905,-0.025151,0.459804,0.351089,0.421198,0.034571,0.797295,0.493365,0.459095,0.005030,0.540196,0.248911,0.069701,0.127145,-0.009910,0.209953,0.140905
0.307341,-0.023015,0.109152,-0.099604,0.222759,0.171710,-0.014952,0.526668,0.392659,0.453433,0.038170,0.798812,0.477241,0.428290,0.002990,0.473332,0.207341,0.061642,0.109152,-0.009960,0.234139,0.171710
0.270321,-0.026711,0.100638,-0.095148,0.247739,0.208956,-0.003992,0.592311,0.429679,0.478076,0.039872,0.785445,0.452261,0.391044,0.000798,0.407689,0.170321,0.055481,0.100638,-0.009515,0.271609,0.208956
0.239723,-0.029079,0.102076,-0.085930,0.280370,0.250811,0.007185,0.653444,0.460277,0.493857,0.039585,0.757789,0.419630,0.349189,-0.001437,0.346556,0.139723,0.051536,0.102076,-0.008593,0.320555,0.250811
0.217114,-0.029991,0.113440,-0.072387,0.319051,0.295200,0.018020,0.706980,0.482886,0.499942,0.037312,0.717162,0.380949,0.304800,-0.003604,0.293020,0.117114,0.050014,0.113440,-0.007239,0.378576,0.295200
0.203669,-0.029397,0.134208,-0.055182,0.361866,0.339901,0.027965,0.750189,0.496331,0.495979,0.033158,0.665546,0.338134,0.260099,-0.005593,0.249811,0.103669,0.051005,0.134208,-0.005518,0.442798,0.339901
0.200111,-0.027318,0.163376,-0.035165,0.406673,0.382659,0.036515,0.780840,0.499889,0.482119,0.027325,0.605494,0.293327,0.217341,-0.007303,0.219160,0.100111,0.054470,0.163376,-0.003516,0.510009,0.382659
0.206668,-0.023853,0.199507,-0.013335,0.451213,0.421300,0.043230,0.797321,0.493332,0.459017,0.020099,0.540005,0.248787,0.178700,-0.008646,0.202679,0.106668,0.060246,0.199507,-0.001333,0.576820,0.421300
0.223055,-0.019170,0.240800,0.009206,0.493223,0.453841,0.047759,0.798726,0.476945,0.427801,0.011840,0.472381,0.206777,0.146159,-0.009552,0.201274,0.123055,0.068050,0.240800,0.000921,0.639834,0.453841
0.248484,-0.013504,0.285174,0.031314,0.530549,0.478594,0.049862,0.784912,0.451516,0.390023,0.002965,0.406057,0.169451,0.121406,-0.009972,0.215088,0.148484,0.077494,0.285174,0.003131,0.695823,0.478594
0.281699,-0.007138,0.330376,0.051856,0.561260,0.494257,0.049420,0.756512,0.418301,0.347585,-0.006075,0.344431,0.138740,0.105743,-0.009884,0.243488,0.181699,0.088104,0.330376,0.005186,0.741890,0.494257
0.321032,-0.000396,0.374092,0.069772,0.583750,0.499983,0.046442,0.714913,0.378968,0.302639,-0.014818,0.290685,0.116250,0.100017,-0.009288,0.285087,0.221032,0.099340,0.374092,0.006977,0.775625,0.499983
0.364490,0.006377,0.414065,0.084125,0.596822,0.495429,0.041071,0.662192,0.335510,0.257487,-0.022813,0.247624,0.103178,0.104571,-0.008214,0.337808,0.264490,0.110628,0.414065,0.008413,0.795233,0.495429
0.409848,0.012831,0.448213,0.094160,0.599757,0.480783,0.033572,0.601018,0.290152,0.214458,-0.029643,0.217519,0.100243,0.119217,-0.006714,0.398982,0.309848,0.121386,0.448213,0.009416,0.799636,0.480783
0.454768,0.018631,0.474742,0.099336,0.592355,0.456754,0.024322,0.534519,0.245232,0.175790,-0.034948,0.201993,0.107645,0.143246,-0.004864,0.465481,0.354768,0.131052,0.474742,0.009934,0.788533,0.456754
0.496913,0.023473,0.492237,0.099360,0.574951,0.424547,0.013795,0.466122,0.203087,0.143513,-0.038447,0.201919,0.125049,0.175453,-0.002759,0.533878,0.396913,0.139122,0.492237,0.009936,0.762427,0.424547
0.534075,0.027099,0.499743,0.094208,0.548405,0.385800,0.002533,0.399384,0.165925,0.119339,-0.039949,0.217376,0.151595,0.214200,-0.000507,0.600616,0.434075,0.145165,0.499743,0.009421,0.722607,0.385800
0.564287,0.029315,0.496821,0.084124,0.514060,0.342508,-0.008879,0.337801,0.135713,0.104569,-0.039364,0.247628,0.185940,0.257492,0.001776,0.662199,0.464287,0.148858,0.496821,0.008412,0.671090,0.342508
0.585933,0.029996,0.483575,0.069613,0.473682,0.296920,-0.019843,0.284626,0.114067,0.100024,-0.036715,0.291160,0.226318,0.303080,0.003969,0.715374,0.485933,0.149994,0.483575,0.006961,0.610523,0.296920
0.597832,0.029102,0.460653,0.051419,0.429366,0.251423,-0.029781,0.242697,0.102168,0.105989,-0.032131,0.345744,0.270634,0.348577,0.005956,0.757303,0.497832,0.148503,0.460653,0.005142,0.544049,0.251423
0.599313,0.026670,0.429219,0.030483,0.383431,0.208419,-0.038163,0.214278,0.100687,0.122200,-0.025844,0.408551,0.316569,0.391581,0.007633,0.785722,0.499313,0.144450,0.429219,0.003048,0.475147,0.208419
0.590246,0.022823,0.390898,0.007902,0.338303,0.170195,-0.044538,0.200938,0.109754,0.147846,-0.018180,0.476295,0.361697,0.429805,0.008908,0.799062,0.490246,0.138038,0.390898,0.000790,0.407454,0.170195
0.571064,0.017758,0.347690,-0.015134,0.296380,0.138804,-0.048558,0.203456,0.128936,0.181611,-0.009538,0.545403,0.403620,0.461196,0.009712,0.796544,0.471064,0.129597,0.347690,-0.001513,0.344570,0.138804
0.542742,0.011740,0.301877,-0.037400,0.259912,0.115950,-0.049998,0.221771,0.157258,0.221733,-0.000375,0.612199,0.440088,0.484050,0.010000,0.778229,0.442742,0.119567,0.301877,-0.003740,0.289868,0.115950
0.506750,0.005085,0.255892,-0.057701,0.230872,0.102894,-0.048769,0.254980,0.193250,0.266098,0.008822,0.673104,0.469128,0.497106,0.009754,0.745020,0.406750,0.108475,0.255892,-0.005770,0.246307,0.102894
0.464982,-0.001852,0.212200,-0.074942,0.210851,0.100382,-0.044924,0.301371,0.235018,0.312349,0.017560,0.724825,0.489149,0.499618,0.008985,0.698629,0.364982,0.096913,0.212200,-0.007494,0.216276,0.100382
0.419656,-0.008701,0.173162,-0.088180,0.200968,0.108597,-0.038659,0.358512,0.280344,0.358007,0.025368,0.764539,0.499032,0.491403,0.007732,0.641488,0.319656,0.085498,0.173162,-0.008818,0.201452,0.108597
0.373200,-0.015091,0.140904,-0.096683,0.201804,0.127146,-0.030299,0.423370,0.326800,0.400606,0.031819,0.790048,0.498196,0.472854,0.006060,0.576630,0.273200,0.074848,0.140904,-0.009668,0.202706,0.127146
0.328123,-0.020674,0.117202,-0.099969,0.213362,0.155075,-0.020287,0.492474,0.371877,0.437829,0.036560,0.799906,0.486638,0.444925,0.004057,0.507526,0.228123,0.065543,0.117202,-0.009997,0.220043,0.155075
0.286878,-0.025144,0.103384,-0.097835,0.235066,0.190911,-0.009159,0.562091,0.413122,0.467629,0.039323,0.793504,0.464934,0.409089,0.001832,0.437909,0.186878,0.058093,0.103384,-0.009783,0.252599,0.190911
0.251727,-0.028253,0.100247,-0.090372,0.265780,0.232739,0.002484,0.628435,0.448273,0.488351,0.039951,0.771117,0.434220,0.367261,-0.000497,0.371565,0.151727,0.052912,0.100247,-0.009037,0.298670,0.232739
0.224618,-0.029823,0.108012,-0.077964,0.303870,0.278303,0.014010,0.687867,0.475382,0.498820,0.038398,0.733893,0.396130,0.321697,-0.002802,0.312133,0.124618,0.050295,0.108012,-0.007796,0.355804,0.278303
0.207073,-0.029762,0.126303,-0.061268,0.347282,0.325125,0.024786,0.737100,0.492927,0.498416,0.034739,0.683803,0.352718,0.274875,-0.004957,0.262900,0.107073,0.050396,0.126303,-0.006127,0.420923,0.325125
0.200101,-0.028067,0.154164,-0.041179,0.393656,0.370637,0.034216,0.773383,0.499899,0.487111,0.029167,0.623538,0.306344,0.229363,-0.006843,0.226617,0.100101,0.053222,0.154164,-0.004118,0.490485,0.370637
0.204133,-0.024822,0.190104,-0.018792,0.440451,0.412327,0.041775,0.794656,0.495867,0.465477,0.021979,0.556375,0.259549,0.187673,-0.008355,0.205344,0.104133,0.058631,0.190104,-0.001879,0.560676,0.412327
0.218999,-0.020200,0.232174,0.004669,0.485080,0.447870,0.047037,0.799673,0.481001,0.434664,0.013565,0.485994,0.214920,0.152130,-0.009407,0.200327,0.118999,0.066334,0.232174,0.000467,0.627620,0.447870
0.243923,-0.014451,0.278067,0.027906,0.525059,0.475268,0.049698,0.788082,0.456077,0.396338,0.004387,0.416283,0.174941,0.124732,-0.009940,0.211918,0.143923,0.075915,0.278067,0.002791,0.687589,0.475268
0.277564,-0.007890,0.325249,0.049626,0.558144,0.492960,0.049600,0.760452,0.422436,0.352597,-0.005050,0.351122,0.141856,0.107040,-0.009920,0.239548,0.177564,0.086851,0.325249,0.004963,0.737216,0.492960
0.318087,-0.000878,0.371094,0.068610,0.582456,0.499914,0.046734,0.718251,0.381913,0.305855,-0.014219,0.294169,0.117544,0.100086,-0.009347,0.281749,0.218087,0.098536,0.371094,0.006861,0.773684,0.499914
0.363254,0.006193,0.413030,0.083784,0.596595,0.495693,0.041249,0.663774,0.336746,0.258715,-0.022606,0.248648,0.103405,0.104307,-0.008250,0.336226,0.263254,0.110321,0.413030,0.008378,0.794893,0.495693
0.410551,0.012927,0.448685,0.094278,0.599722,0.480481,0.033441,0.600024,0.289449,0.213822,-0.029737,0.217166,0.100278,0.119519,-0.006688,0.399976,0.310551,0.121544,0.448685,0.009428,0.799582,0.480481
0.457325,0.018943,0.476023,0.099480,0.591609,0.455086,0.023738,0.530546,0.242675,0.173713,-0.035205,0.201559,0.108391,0.144914,-0.004748,0.469454,0.357325,0.131572,0.476023,0.009948,0.787413,0.455086
0.500932,0.023899,0.493461,0.099073,0.572664,0.420895,0.012680,0.459240,0.199068,0.140675,-0.038692,0.202782,0.127336,0.179105,-0.002536,0.540760,0.400932,0.139831,0.493461,0.009907,0.758995,0.420895
0.538887,0.027508,0.499968,0.093053,0.543911,0.379806,0.000888,0.390135,0.161113,0.116612,-0.039994,0.220841,0.156089,0.220194,-0.000178,0.609865,0.438887,0.145847,0.499968,0.009305,0.715866,0.379806
0.569009,0.029560,0.495125,0.081738,0.506939,0.334122,-0.010973,0.327170,0.130991,0.102932,-0.039025,0.254787,0.193061,0.265878,0.002195,0.672830,0.469009,0.149267,0.495125,0.008174,0.660408,0.334122
0.589545,0.029931,0.479155,0.065748,0.463818,0.286425,-0.022226,0.273959,0.110455,0.100461,-0.035831,0.302756,0.236182,0.313575,0.004445,0.726041,0.489545,0.149885,0.479155,0.006575,0.595727,0.286425
0.599277,0.028591,0.452921,0.045977,0.416986,0.239433,-0.032225,0.233588,0.100723,0.109391,-0.030584,0.362070,0.283014,0.360567,0.006445,0.766412,0.499277,0.147652,0.452921,0.004598,0.525479,0.239433
0.597600,0.025611,0.417882,0.023540,0.369110,0.195843,-0.040392,0.208430,0.102400,0.129262,-0.023576,0.429380,0.330890,0.404157,0.008078,0.791570,0.497600,0.142684,0.417882,0.002354,0.453666,0.195843
0.584558,0.021153,0.376013,-0.000283,0.322940,0.158178,-0.046248,0.200001,0.115442,0.158980,-0.015203,0.500850,0.377060,0.441822,0.009250,0.799999,0.484558,0.135255,0.376013,-0.000028,0.384410,0.158178
0.560853,0.015469,0.329697,-0.024126,0.281145,0.128637,-0.049446,0.208862,0.139147,0.196875,-0.005939,0.572377,0.418855,0.471363,0.009889,0.791138,0.460853,0.125781,0.329697,-0.002413,0.321718,0.128637
0.527807,0.008881,0.281595,-0.046608,0.246165,0.108965,-0.049788,0.234577,0.172193,0.240792,0.003681,0.639823,0.453835,0.491035,0.009958,0.765423,0.427807,0.114802,0.281595,-0.004661,0.269247,0.108965
0.487298,0.001769,0.234490,-0.066419,0.220058,0.100348,-0.047242,0.275730,0.212702,0.288208,0.013102,0.699256,0.479942,0.499652,0.009448,0.724270,0.387298,0.102948,0.234490,-0.006642,0.230087,0.100348
0.441648,-0.005457,0.191128,-0.082394,0.204384,0.103337,-0.041943,0.329995,0.258352,0.336381,0.021774,0.747181,0.495616,0.496663,0.008389,0.670005,0.341648,0.090905,0.191128,-0.008239,0.206577,0.103337
0.393500,-0.012375,0.154057,-0.093583,0.200106,0.117809,-0.034188,0.394263,0.306500,0.382501,0.029189,0.780749,0.499894,0.482191,0.006838,0.605737,0.293500,0.079375,0.154057,-0.009358,0.200158,0.117809
0.345662,-0.018579,0.125476,-0.099310,0.207523,0.142969,-0.024420,0.464816,0.354338,0.423859,0.034905,0.797930,0.492477,0.457031,0.004884,0.535184,0.245662,0.069035,0.125476,-0.009931,0.211284,0.142969
0.300945,-0.023701,0.107100,-0.099214,0.226253,0.177385,-0.013204,0.537538,0.399055,0.458005,0.038580,0.797642,0.473747,0.422615,0.002641,0.462462,0.200945,0.060499,0.107100,-0.009921,0.239379,0.177385
0.261995,-0.027434,0.100057,-0.093275,0.255243,0.219074,-0.001194,0.608155,0.438005,0.482896,0.039989,0.779826,0.444757,0.380926,0.000239,0.391845,0.161995,0.054276,0.100057,-0.009328,0.282864,0.219074
0.231140,-0.029553,0.104814,-0.081818,0.292825,0.265603,0.010904,0.672488,0.468860,0.497020,0.039037,0.745455,0.407175,0.334397,-0.002181,0.327512,0.131140,0.050745,0.104814,-0.008182,0.339238,0.265603
0.210244,-0.029924,0.121142,-0.065497,0.336812,0.314238,0.022374,0.726696,0.489756,0.499493,0.035772,0.696492,0.363188,0.285762,-0.004475,0.273304,0.110244,0.050127,0.121142,-0.006550,0.405218,0.314238
0.200592,-0.028517,0.148120,-0.045261,0.384617,0.362098,0.032531,0.767513,0.499408,0.490115,0.030376,0.635783,0.315383,0.237902,-0.006506,0.232487,0.100592,0.052471,0.148120,-0.004526,0.476926,0.362098
0.202810,-0.025409,0.184189,-0.022298,0.433409,0.406327,0.040764,0.792447,0.497190,0.469395,0.023162,0.566893,0.266591,0.193673,-0.008153,0.207553,0.102810,0.057651,0.184189,-0.002230,0.550113,0.406327
0.216817,-0.020778,0.227233,0.002031,0.480274,0.444265,0.046573,0.799938,0.483183,0.438519,0.014553,0.493906,0.219726,0.155735,-0.009315,0.200062,0.116817,0.065370,0.227233,0.000203,0.620412,0.444265
0.241825,-0.014894,0.274701,0.026274,0.522396,0.473610,0.049598,0.789460,0.458175,0.399295,0.005060,0.421178,0.177604,0.126390,-0.009920,0.210540,0.141825,0.075176,0.274701,0.002627,0.683594,0.473610
0.276380,-0.008107,0.323758,0.048972,0.557220,0.492559,0.049646,0.761563,0.423620,0.354045,-0.004752,0.353083,0.142780,0.107441,-0.009929,0.238437,0.176380,0.086489,0.323758,0.004897,0.735830,0.492559
0.318438,-0.000820,0.371455,0.068750,0.582614,0.499925,0.046700,0.717854,0.381562,0.305470,-0.014291,0.293749,0.117386,0.100075,-0.009340,0.282146,0.218438,0.098633,0.371455,0.006875,0.773920,0.499925
0.365490,0.006526,0.414898,0.084399,0.597000,0.495211,0.040926,0.660907,0.334510,0.256494,-0.022980,0.246803,0.103000,0.104789,-0.008185,0.339093,0.265490,0.110877,0.414898,0.008440,0.795500,0.495211
0.414703,0.013487,0.451435,0.094951,0.599459,0.478649,0.032660,0.594118,0.285297,0.210086,-0.030287,0.215146,0.100541,0.121351,-0.006532,0.405882,0.314703,0.122478,0.451435,0.009495,0.799188,0.478649
0.463093,0.019638,0.478813,0.099743,0.589788,0.451196,0.022397,0.521508,0.236907,0.169081,-0.035763,0.200772,0.110212,0.148804,-0.004479,0.478492,0.363093,0.132730,0.478813,0.009974,0.784681,0.451196
0.507702,0.024599,0.495321,0.098456,0.568524,0.414480,0.010752,0.447481,0.192298,0.136005,-0.039064,0.204633,0.131476,0.185520,-0.002150,0.552519,0.407702,0.140999,0.495321,0.009846,0.752785,0.414480
0.545786,0.028063,0.499902,0.091143,0.536918,0.370705,-0.001568,0.376561,0.154214,0.112915,-0.039980,0.226572,0.163082,0.229295,0.000314,0.623439,0.445786,0.146771,0.499902,0.009114,0.705376,0.370705
0.574978,0.029809,0.492222,0.078226,0.496864,0.322530,-0.013809,0.313115,0.125022,0.101273,-0.038444,0.265322,0.203136,0.277470,0.002762,0.686885,0.474978,0.149682,0.492222,0.007823,0.645296,0.322530
0.593443,0.029723,0.472700,0.060477,0.450792,0.272898,-0.025217,0.261079,0.106557,0.101845,-0.034540,0.318570,0.249208,0.327102,0.005043,0.738921,0.493443,0.149539,0.472700,0.006048,0.576188,0.272898
0.599994,0.027803,0.442491,0.038969,0.401519,0.224869,-0.035086,0.223716,0.100006,0.114648,-0.028498,0.383093,0.298481,0.375131,0.007017,0.776284,0.499994,0.146338,0.442491,0.003897,0.502279,0.224869
0.594175,0.024158,0.403419,0.015018,0.352082,0.181422,-0.042796,0.203403,0.105825,0.138943,-0.020684,0.454945,0.347918,0.418578,0.008559,0.796597,0.494175,0.140264,0.403419,0.001502,0.428123,0.181422
0.576292,0.019009,0.357871,-0.009899,0.305549,0.145274,-0.047861,0.201473,0.123708,0.173272,-0.011574,0.529696,0.394451,0.454726,0.009572,0.798527,0.476292,0.131682,0.357871,-0.000990,0.358323,0.145274
0.547408,0.012669,0.308654,-0.034235,0.264830,0.118709,-0.049953,0.218128,0.152592,0.215540,-0.001731,0.602704,0.435170,0.481291,0.009991,0.781872,0.447408,0.121115,0.308654,-0.003423,0.297246,0.118709
0.509279,0.005529,0.258827,-0.056468,0.232494,0.103426,-0.048929,0.252407,0.190721,0.263141,0.008235,0.669404,0.467506,0.496574,0.009786,0.747593,0.409279,0.109215,0.258827,-0.005647,0.248742,0.103426
0.464252,-0.001968,0.211508,-0.075196,0.210602,0.100431,-0.044839,0.302239,0.235748,0.313118,0.017698,0.725589,0.489398,0.499569,0.008968,0.697761,0.364252,0.096720,0.211508,-0.007520,0.215903,0.100431
0.415127,-0.009351,0.169680,-0.089229,0.200573,0.109965,-0.037928,0.364561,0.284873,0.362342,0.026064,0.767687,0.499427,0.490035,0.007586,0.635439,0.315127,0.084414,0.169680,-0.008923,0.200859,0.109965
0.364979,-0.016156,0.136000,-0.097662,0.203090,0.131481,-0.028618,0.435502,0.335021,0.407709,0.032800,0.792985,0.496910,0.468519,0.005724,0.564498,0.264979,0.073073,0.136000,-0.009766,0.204635,0.131481
0.316972,-0.021951,0.112631,-0.099937,0.218048,0.163672,-0.017487,0.510616,0.383028,0.446337,0.037474,0.799812,0.481952,0.436328,0.003497,0.489384,0.216972,0.063416,0.112631,-0.009994,0.227072,0.163672
0.274158,-0.026363,0.101099,-0.095886,0.244553,0.204544,-0.005233,0.585164,0.425842,0.475750,0.039780,0.787658,0.455447,0.395456,0.001047,0.414836,0.174158,0.056062,0.101099,-0.009589,0.266830,0.204544
0.239277,-0.029106,0.102185,-0.085738,0.280970,0.251537,0.007370,0.654407,0.460723,0.494040,0.039563,0.757213,0.419030,0.348463,-0.001474,0.345593,0.139277,0.051490,0.102185,-0.008574,0.321456,0.251537
0.214586,-0.029999,0.115875,-0.070113,0.325022,0.301684,0.019522,0.713911,0.485414,0.499993,0.036825,0.710338,0.374978,0.298316,-0.003904,0.286089,0.114586,0.050002,0.115875,-0.007011,0.387533,0.301684
0.201707,-0.028977,0.141348,-0.049987,0.373925,0.351793,0.030444,0.759831,0.498293,0.493177,0.031730,0.649960,0.326075,0.248207,-0.006089,0.240169,0.101707,0.051706,0.141348,-0.004999,0.460888,0.351793
0.201515,-0.026096,0.177022,-0.026630,0.424568,0.398655,0.039431,0.789167,0.498485,0.473975,0.024596,0.579889,0.275432,0.201345,-0.007886,0.210833,0.101515,0.056506,0.177022,-0.002663,0.536852,0.398655
0.214076,-0.021535,0.220647,-0.001529,0.473703,0.439243,0.045896,0.799965,0.485924,0.443567,0.015871,0.504587,0.226297,0.160757,-0.009179,0.200035,0.114076,0.064108,0.220647,-0.000153,0.610554,0.439243
0.238634,-0.015580,0.269447,0.023706,0.518157,0.470915,0.049413,0.791449,0.461366,0.403866,0.006111,0.428883,0.181843,0.129085,-0.009883,0.208551,0.138634,0.074034,0.269447,0.002371,0.677236,0.470915
0.273655,-0.008610,0.320289,0.047443,0.555038,0.491587,0.049742,0.764088,0.426345,0.357397,-0.004058,0.357670,0.144962,0.108413,-0.009948,0.235912,0.173655,0.085651,0.320289,0.004744,0.732557,0.491587
0.316911,-0.001072,0.369887,0.068140,0.581924,0.499872,0.046848,0.719575,0.383089,0.307145,-0.013977,0.295581,0.118076,0.100128,-0.009370,0.280425,0.216911,0.098214,0.369887,0.006814,0.772886,0.499872
0.365628,0.006546,0.415012,0.084437,0.597024,0.495180,0.040905,0.660730,0.334372,0.256358,-0.023002,0.246690,0.102976,0.104820,-0.008181,0.339270,0.265628,0.110911,0.415012,0.008444,0.795536,0.495180
0.416652,0.013748,0.452705,0.095253,0.599306,0.477762,0.032289,0.591330,0.283348,0.208345,-0.030541,0.214240,0.100694,0.122238,-0.006458,0.408670,0.316652,0.122914,0.452705,0.009525,0.798958,0.477762
0.466659,0.020062,0.480470,0.099860,0.588565,0.448702,0.021550,0.515864,0.233341,0.166255,-0.036094,0.200420,0.111435,0.151298,-0.004310,0.484136,0.366659,0.133436,0.480470,0.009986,0.782847,0.448702
0.512366,0.025069,0.496446,0.097929,0.565451,0.409856,0.009384,0.439254,0.187634,0.132872,-0.039289,0.206214,0.134549,0.190144,-0.001877,0.560746,0.412366,0.141782,0.496446,0.009793,0.748176,0.409856
0.550751,0.028436,0.499533,0.089558,0.531431,0.363736,-0.003415,0.366531,0.149249,0.110428,-0.039907,0.231326,0.168569,0.236264,0.000683,0.633469,0.450751,0.147393,0.499533,0.008956,0.697146,0.363736
0.579254,0.029933,0.489473,0.075274,0.488702,0.313352,-0.016008,0.302503,0.120746,0.100446,-0.037895,0.274179,0.211298,0.286648,0.003202,0.697497,0.479254,0.149888,0.489473,0.007527,0.633053,0.313352
0.595949,0.029454,0.466877,0.055995,0.440051,0.262016,-0.027559,0.251441,0.104051,0.103640,-0.033375,0.332016,0.259949,0.337984,0.005512,0.748559,0.495949,0.149090,0.466877,0.005599,0.560077,0.262016
0.599679,0.027022,0.433190,0.032978,0.388680,0.213127,-0.037300,0.216782,0.100321,0.119852,-0.026638,0.401067,0.311320,0.386873,0.007460,0.783218,0.499679,0.145037,0.433190,0.003298,0.483019,0.213127
0.590144,0.022791,0.390604,0.007737,0.337989,0.169945,-0.044575,0.200899,0.109856,0.148060,-0.018121,0.476788,0.362011,0.430055,0.008915,0.799101,0.490144,0.137985,0.390604,0.000774,0.406984,0.169945
0.567922,0.017035,0.341921,-0.018053,0.291363,0.135371,-0.048889,0.204929,0.132078,0.186434,-0.008384,0.554160,0.408637,0.464629,0.009778,0.795071,0.467922,0.128392,0.341921,-0.001805,0.337044,0.135371
0.534448,0.010133,0.290370,-0.042673,0.251933,0.111753,-0.049942,0.228686,0.165552,0.232450,0.001926,0.628018,0.448067,0.488247,0.009988,0.771314,0.434448,0.116888,0.290370,-0.004267,0.277899,0.111753
0.491916,0.002542,0.239393,-0.064466,0.222373,0.100719,-0.047649,0.270659,0.208084,0.283056,0.012121,0.693397,0.477627,0.499281,0.009530,0.729341,0.391916,0.104236,0.239393,-0.006447,0.233559,0.100719
0.443149,-0.005230,0.192420,-0.081956,0.204710,0.103063,-0.042150,0.328102,0.256851,0.334870,0.021516,0.745868,0.495290,0.496937,0.008430,0.671898,0.343149,0.091283,0.192420,-0.008196,0.207065,0.103063
0.391407,-0.012661,0.152633,-0.093947,0.200185,0.118683,-0.033804,0.397209,0.308593,0.384405,0.029473,0.781840,0.499815,0.481317,0.006761,0.602791,0.291407,0.078899,0.152633,-0.009395,0.200277,0.118683
0.340176,-0.019245,0.122752,-0.099605,0.209157,0.146578,-0.023161,0.473357,0.359824,0.428303,0.035450,0.798815,0.490843,0.453422,0.004632,0.526643,0.240176,0.067924,0.122752,-0.009960,0.213735,0.146578
0.292929,-0.024535,0.104841,-0.098521,0.231075,0.184908,-0.010934,0.551414,0.407071,0.463566,0.039032,0.795562,0.468925,0.415092,0.002187,0.448586,0.192929,0.059109,0.104841,-0.009852,0.246612,0.184908
0.252894,-0.028164,0.100168,-0.090740,0.264502,0.231111,0.002052,0.626083,0.447106,0.487761,0.039966,0.772219,0.435498,0.368889,-0.000410,0.373917,0.152894,0.053060,0.100168,-0.009074,0.296752,0.231111
0.222829,-0.029879,0.109107,-0.076765,0.307207,0.282071,0.014916,0.692261,0.477171,0.499195,0.038179,0.730295,0.392793,0.317929,-0.002983,0.307739,0.122829,0.050201,0.109107,-0.007676,0.360811,0.282071
0.204830,-0.029555,0.131102,-0.057526,0.356311,0.334325,0.026778,0.745392,0.495170,0.497032,0.033780,0.672577,0.343689,0.265675,-0.005356,0.254608,0.104830,0.050742,0.131102,-0.005753,0.434467,0.334325
0.200180,-0.027205,0.164699,-0.034319,0.408476,0.384298,0.036822,0.781780,0.499820,0.481366,0.027060,0.602956,0.291524,0.215702,-0.007364,0.218220,0.100180,0.054658,0.164699,-0.003432,0.512713,0.384298
0.209252,-0.022983,0.207638,-0.008723,0.460128,0.428547,0.044349,0.798857,0.490748,0.453218,0.018472,0.526168,0.239872,0.171453,-0.008870,0.201143,0.109252,0.061696,0.207638,-0.000872,0.590192,0.428547
0.231479,-0.017171,0.256998,0.017509,0.507707,0.463998,0.048831,0.795366,0.468521,0.414475,0.008600,0.447472,0.192293,0.136002,-0.009766,0.204634,0.131479,0.071381,0.256998,0.001751,0.661561,0.463998
0.265379,-0.010166,0.309396,0.042567,0.547909,0.488168,0.049945,0.771464,0.434621,0.367771,-0.001879,0.372300,0.152091,0.111832,-0.009989,0.228536,0.165379,0.083057,0.309396,0.004257,0.721864,0.488168
0.308650,-0.002446,0.361214,0.064709,0.577919,0.499334,0.047600,0.728725,0.391350,0.316310,-0.012243,0.305874,0.122081,0.100666,-0.009520,0.271275,0.208650,0.095923,0.361214,0.006471,0.766879,0.499334
0.358325,0.005453,0.408848,0.082386,0.595610,0.496668,0.041946,0.670039,0.341675,0.263646,-0.021770,0.252843,0.104390,0.103332,-0.008389,0.329961,0.258325,0.109088,0.408848,0.008239,0.793415,0.496668
0.410969,0.012983,0.448965,0.094348,0.599699,0.480300,0.033363,0.599431,0.289031,0.213444,-0.029793,0.216957,0.100301,0.119700,-0.006673,0.400569,0.310969,0.121639,0.448965,0.009435,0.799548,0.480300
0.462918,0.019617,0.478731,0.099736,0.589846,0.451317,0.022438,0.521783,0.237082,0.169221,-0.035746,0.200792,0.110154,0.148683,-0.004488,0.478217,0.362918,0.132695,0.478731,0.009974,0.784768,0.451317
0.510529,0.024885,0.496019,0.098146,0.566683,0.411697,0.009927,0.442507,0.189471,0.134097,-0.039204,0.205561,0.133317,0.188303,-0.001985,0.557493,0.410529,0.141476,0.496019,0.009815,0.750025,0.411697
0.550443,0.028413,0.499564,0.089662,0.531784,0.364181,-0.003298,0.367161,0.149557,0.110578,-0.039913,0.231013,0.168216,0.235819,0.000660,0.632839,0.450443,0.147356,0.499564,0.008966,0.697676,0.364181
0.579815,0.029945,0.489062,0.074853,0.487559,0.312081,-0.016309,0.301070,0.120185,0.100365,-0.037812,0.275441,0.212441,0.287919,0.003262,0.698930,0.479815,0.149909,0.489062,0.007485,0.631338,0.312081
0.596530,0.029365,0.465196,0.054739,0.437092,0.259060,-0.028185,0.248936,0.103470,0.104235,-0.033039,0.335784,0.262908,0.340940,0.005637,0.751064,0.496530,0.148941,0.465196,0.005474,0.555638,0.259060
0.599354,0.026704,0.429603,0.030722,0.383932,0.208866,-0.038081,0.214509,0.100646,0.121970,-0.025921,0.407833,0.316068,0.391134,0.007616,0.785491,0.499354,0.144507,0.429603,0.003072,0.475899,0.208866
0.588028,0.022145,0.384761,0.004493,0.331843,0.165076,-0.045288,0.200303,0.111972,0.152367,-0.016952,0.486521,0.368157,0.434924,0.009058,0.799697,0.488028,0.136908,0.384761,0.000449,0.397764,0.165076
0.563303,0.016003,0.333827,-0.022091,0.284536,0.130831,-0.049280,0.207412,0.136697,0.193314,-0.006765,0.566273,0.415464,0.469169,0.009856,0.792588,0.463303,0.126672,0.333827,-0.002209,0.326803,0.130831
0.526890,0.008711,0.280411,-0.047133,0.245407,0.108616,-0.049760,0.235413,0.173110,0.241929,0.003918,0.641400,0.454593,0.491384,0.009952,0.764587,0.426890,0.114518,0.280411,-0.004713,0.268111,0.108616
0.481347,0.000785,0.228326,-0.068835,0.217291,0.100069,-0.046679,0.282388,0.218653,0.294765,0.014335,0.706506,0.482709,0.499931,0.009336,0.717612,0.381347,0.101309,0.228326,-0.006884,0.225936,0.100069
0.429907,-0.007207,0.181316,-0.085627,0.202249,0.105857,-0.040245,0.345040,0.270093,0.348046,0.023737,0.756880,0.497751,0.494143,0.008049,0.654960,0.329907,0.087989,0.181316,-0.008563,0.203373,0.105857
0.376247,-0.014691,0.142784,-0.096279,0.201416,0.125622,-0.030906,0.418925,0.323753,0.397940,0.031443,0.788837,0.498584,0.474378,0.006181,0.581075,0.276247,0.075515,0.142784,-0.009628,0.202123,0.125622
0.324230,-0.021125,0.115543,-0.099999,0.214908,0.157993,-0.019326,0.498756,0.375770,0.440834,0.036891,0.799997,0.485092,0.442007,0.003865,0.501244,0.224230,0.064792,0.115543,-0.010000,0.222362,0.157993
0.277626,-0.026039,0.101610,-0.096490,0.241808,0.200680,-0.006332,0.578782,0.422374,0.473596,0.039678,0.789471,0.458192,0.399320,0.001266,0.421218,0.177626,0.056601,0.101610,-0.009649,0.262712,0.200680
0.239837,-0.029072,0.102049,-0.085978,0.280218,0.250627,0.007138,0.653199,0.460163,0.493810,0.039590,0.757934,0.419782,0.349373,-0.001428,0.346801,0.139837,0.051547,0.102049,-0.008598,0.320326,0.250627
0.213647,-0.029993,0.116884,-0.069199,0.327389,0.304230,0.020107,0.716572,0.486353,0.499955,0.036623,0.707598,0.372611,0.295770,-0.004021,0.283428,0.113647,0.050011,0.116884,-0.006920,0.391083,0.304230
0.201011,-0.028729,0.145092,-0.047352,0.379917,0.357595,0.031626,0.764235,0.498989,0.491528,0.030982,0.642057,0.320083,0.242405,-0.006325,0.235765,0.101011,0.052118,0.145092,-0.004735,0.469875,0.357595
0.202908,-0.025363,0.184663,-0.022015,0.433981,0.406819,0.040848,0.792640,0.497092,0.469085,0.023067,0.566044,0.266019,0.193181,-0.008170,0.207360,0.102908,0.057729,0.184663,-0.002201,0.550972,0.406819
0.219256,-0.020133,0.232741,0.004970,0.485626,0.448275,0.047088,0.799629,0.480744,0.434218,0.013452,0.485090,0.214374,0.151725,-0.009418,0.200371,0.119256,0.066446,0.232741,0.000497,0.628438,0.448275
0.248912,-0.013416,0.285826,0.031625,0.531043,0.478887,0.049874,0.784603,0.451088,0.389439,0.002835,0.405126,0.168957,0.121113,-0.009975,0.215397,0.148912,0.077640,0.285826,0.003162,0.696565,0.478887
0.289741,-0.005702,0.340024,0.055983,0.566862,0.496355,0.048989,0.748582,0.410259,0.338011,-0.008005,0.332051,0.133138,0.103645,-0.009798,0.251418,0.189741,0.090497,0.340024,0.005598,0.750293,0.496355
0.338771,0.002444,0.391335,0.076236,0.590397,0.499335,0.044482,0.694146,0.361229,0.283707,-0.018267,0.271292,0.109603,0.100665,-0.008896,0.305854,0.238771,0.104073,0.391335,0.007624,0.785595,0.499335
0.392401,0.010419,0.435946,0.090867,0.599856,0.487551,0.036673,0.625254,0.307599,0.230540,-0.027189,0.227399,0.100144,0.112449,-0.007335,0.374746,0.292401,0.117365,0.435946,0.009087,0.799783,0.487551
0.446665,0.017631,0.470515,0.098767,0.594480,0.461818,0.026130,0.546968,0.253335,0.182463,-0.034103,0.203699,0.105520,0.138182,-0.005226,0.453032,0.346665,0.129384,0.470515,0.009877,0.791720,0.461818
0.497523,0.023538,0.492428,0.099320,0.574612,0.424000,0.013627,0.465082,0.202477,0.143079,-0.038486,0.202039,0.125388,0.176000,-0.002725,0.534918,0.397523,0.139230,0.492428,0.009932,0.761917,0.424000
0.541164,0.027696,0.500000,0.092457,0.541678,0.376872,0.000091,0.385698,0.158836,0.115363,-0.040000,0.222628,0.158322,0.223128,-0.000018,0.614302,0.441164,0.146159,0.500000,0.009246,0.712517,0.376872
0.574292,0.029785,0.492605,0.078662,0.498093,0.323928,-0.013470,0.314771,0.125708,0.101436,-0.038521,0.264013,0.201907,0.276072,0.002694,0.685229,0.474292,0.149641,0.492605,0.007866,0.647140,0.323928
0.594378,0.029640,0.470742,0.058944,0.447088,0.269119,-0.026037,0.257657,0.105622,0.102399,-0.034148,0.323167,0.252912,0.330881,0.005207,0.742343,0.494378,0.149400,0.470742,0.005894,0.570632,0.269119
0.599858,0.027265,0.435999,0.034764,0.392473,0.216564,-0.036661,0.218712,0.100142,0.118235,-0.027200,0.395707,0.307527,0.383436,0.007332,0.781288,0.499858,0.145441,0.435999,0.003476,0.488710,0.216564
0.590263,0.022828,0.390947,0.007929,0.338356,0.170238,-0.044531,0.200945,0.109737,0.147810,-0.018189,0.476212,0.361644,0.429762,0.008906,0.799055,0.490263,0.138047,0.390947,0.000793,0.407534,0.170238
0.566259,0.016659,0.338956,-0.019540,0.288834,0.133671,-0.049042,0.205783,0.133741,0.188938,-0.007791,0.558620,0.411166,0.466329,0.009808,0.794217,0.466259,0.127765,0.338956,-0.001954,0.333251,0.133671
0.529611,0.009218,0.283944,-0.045562,0.247681,0.109676,-0.049839,0.232948,0.170389,0.238545,0.003211,0.636686,0.452319,0.490324,0.009968,0.767052,0.429611,0.115364,0.283944,-0.004556,0.271522,0.109676
0.483058,0.001067,0.230081,-0.068152,0.218062,0.100126,-0.046845,0.280460,0.216942,0.292889,0.013984,0.704455,0.481938,0.499874,0.009369,0.719540,0.383058,0.101778,0.230081,-0.006815,0.227093,0.100126
0.430111,-0.007177,0.181483,-0.085573,0.202280,0.105807,-0.040275,0.344775,0.269889,0.347845,0.023703,0.756720,0.497720,0.494193,0.008055,0.655225,0.330111,0.088039,0.181483,-0.008557,0.203420,0.105807
0.374795,-0.014882,0.141883,-0.096474,0.201595,0.126343,-0.030618,0.421040,0.325205,0.399213,0.031623,0.789422,0.498405,0.473657,0.006124,0.578960,0.274795,0.075197,0.141883,-0.009647,0.202392,0.126343
0.321340,-0.021456,0.114355,-0.099993,0.216118,0.160217,-0.018601,0.503456,0.378660,0.443041,0.037129,0.799980,0.483882,0.439783,0.003720,0.496544,0.221340,0.064240,0.114355,-0.009999,0.224177,0.160217
0.273863,-0.026390,0.101059,-0.095832,0.244792,0.204878,-0.005139,0.585711,0.426137,0.475931,0.039788,0.787496,0.455208,0.395122,0.001028,0.414289,0.173863,0.056017,0.101059,-0.009583,0.267189,0.204878
0.236045,-0.029296,0.103076,-0.084281,0.285463,0.256925,0.008736,0.661465,0.463955,0.495306,0.039385,0.752842,0.414537,0.343075,-0.001747,0.338535,0.136045,0.051173,0.103076,-0.008428,0.328195,0.256925
0.210845,-0.029943,0.120310,-0.066203,0.335034,0.312366,0.021954,0.724842,0.489155,0.499617,0.035938,0.698610,0.364966,0.287634,-0.004391,0.275158,0.110845,0.050096,0.120310,-0.006620,0.402551,0.312366
0.200265,-0.028271,0.151483,-0.042975,0.389700,0.366919,0.033488,0.770884,0.499735,0.488472,0.029703,0.628926,0.310300,0.233081,-0.006698,0.229116,0.100265,0.052882,0.151483,-0.004298,0.484550,0.366919
0.205183,-0.024402,0.194229,-0.016381,0.445235,0.416345,0.042436,0.795948,0.494817,0.462677,0.021154,0.549142,0.254765,0.183655,-0.008487,0.204052,0.105183,0.059331,0.194229,-0.001638,0.567853,0.416345
0.225274,-0.018628,0.245265,0.011523,0.497318,0.456775,0.048091,0.798002,0.474726,0.424184,0.010947,0.465431,0.202682,0.143225,-0.009618,0.201998,0.125274,0.068954,0.245265,0.001152,0.645977,0.456775
0.259030,-0.011392,0.300637,0.038562,0.541871,0.485019,0.050000,0.776797,0.440970,0.375948,-0.000127,0.384313,0.158129,0.114981,-0.010000,0.223203,0.159030,0.081013,0.300637,0.003856,0.712806,0.485019
0.303860,-0.003256,0.356029,0.062618,0.575377,0.498818,0.047998,0.733904,0.396140,0.321708,-0.011206,0.312146,0.124623,0.101182,-0.009600,0.266096,0.203860,0.094573,0.356029,0.006262,0.763065,0.498818
0.356290,0.005145,0.407095,0.081791,0.595165,0.497036,0.042228,0.672604,0.343710,0.265697,-0.021419,0.254627,0.104835,0.102964,-0.008446,0.327396,0.256290,0.108576,0.407095,0.008179,0.792748,0.497036
0.412224,0.013153,0.449800,0.094554,0.599626,0.479753,0.033128,0.597651,0.287776,0.212313,-0.029960,0.216338,0.100374,0.120247,-0.006626,0.402349,0.312224,0.121922,0.449800,0.009455,0.799439,0.479753
0.467264,0.020133,0.480746,0.099877,0.588350,0.448272,0.021405,0.514902,0.232736,0.165778,-0.036149,0.200370,0.111650,0.151728,-0.004281,0.485098,0.367264,0.133556,0.480746,0.009988,0.782524,0.448272
0.517055,0.025530,0.497440,0.097309,0.562167,0.405028,0.007975,0.430871,0.182945,0.129797,-0.039488,0.208073,0.137833,0.194972,-0.001595,0.569129,0.417055,0.142551,0.497440,0.009731,0.743251,0.405028
0.557630,0.028911,0.498504,0.087025,0.523097,0.353405,-0.006105,0.352215,0.142370,0.107262,-0.039701,0.238926,0.176903,0.246595,0.001221,0.647785,0.457630,0.148185,0.498504,0.008702,0.684646,0.353405
0.585728,0.029998,0.483794,0.069812,0.474196,0.297473,-0.019716,0.285204,0.114272,0.100016,-0.036759,0.290565,0.225804,0.302527,0.003943,0.714796,0.485728,0.149996,0.483794,0.006981,0.611294,0.297473
0.599064,0.028696,0.454423,0.047015,0.419322,0.241673,-0.031774,0.235224,0.100936,0.108694,-0.030885,0.358955,0.280678,0.358327,0.006355,0.764776,0.499064,0.147826,0.454423,0.004701,0.528983,0.241673
0.596517,0.025100,0.412680,0.020435,0.362836,0.190462,-0.041309,0.206330,0.103483,0.132664,-0.022536,0.438696,0.337164,0.409538,0.008262,0.793670,0.496517,0.141834,0.412680,0.002043,0.444255,0.190462
0.578229,0.019490,0.361862,-0.007815,0.309257,0.147959,-0.047548,0.200918,0.121771,0.170064,-0.012372,0.523446,0.390743,0.452041,0.009510,0.799082,0.478229,0.132484,0.361862,-0.000782,0.363885,0.147959
0.545610,0.012309,0.306014,-0.035473,0.262895,0.117609,-0.049977,0.219509,0.154390,0.217942,-0.001203,0.606419,0.437105,0.482391,0.009995,0.780491,0.445610,0.120515,0.306014,-0.003547,0.294343,0.117609
0.501231,0.004127,0.249613,-0.060310,0.227511,0.101902,-0.048387,0.260700,0.198769,0.272483,0.010077,0.680929,0.472489,0.498098,0.009677,0.739300,0.401231,0.106879,0.249613,-0.006031,0.241267,0.101902
0.448628,-0.004397,0.197208,-0.080311,0.206002,0.102160,-0.042891,0.321250,0.251372,0.329313,0.020558,0.740933,0.493998,0.497840,0.008578,0.678750,0.348628,0.092672,0.197208,-0.008031,0.209003,0.102160
0.392027,-0.012576,0.153053,-0.093840,0.200159,0.118422,-0.033918,0.396336,0.307973,0.383842,0.029389,0.781520,0.499841,0.481578,0.006784,0.603664,0.292027,0.079039,0.153053,-0.009384,0.200238,0.118422
0.336002,-0.019746,0.120761,-0.099776,0.210516,0.149431,-0.022183,0.479921,0.363998,0.431639,0.035848,0.799327,0.489484,0.450569,0.004437,0.520079,0.236002,0.067090,0.120761,-0.009978,0.215774,0.149431
0.285111,-0.025319,0.103002,-0.097607,0.236291,0.192719,-0.008630,0.565243,0.414889,0.468792,0.039400,0.792820,0.463709,0.407281,0.001726,0.434757,0.185111,0.057802,0.103002,-0.009761,0.254437,0.192719
0.243522,-0.028835,0.101278,-0.087479,0.275442,0.244805,0.005643,0.645351,0.456478,0.492233,0.039744,0.762437,0.424558,0.355195,-0.001129,0.354649,0.143522,0.051942,0.101278,-0.008748,0.313164,0.244805
0.214668,-0.029999,0.115790,-0.070190,0.324820,0.301466,0.019472,0.713681,0.485332,0.499995,0.036842,0.710571,0.375180,0.298534,-0.003894,0.286319,0.114668,0.050001,0.115790,-0.007019,0.387230,0.301466
0.200961,-0.028707,0.145411,-0.047131,0.380417,0.358076,0.031724,0.764591,0.499039,0.491382,0.030918,0.641392,0.319583,0.241924,-0.006345,0.235409,0.100961,0.052154,0.145411,-0.004713,0.470625,0.358076
0.203583,-0.025056,0.187764,-0.020172,0.437690,0.409987,0.041385,0.793833,0.496417,0.467042,0.022447,0.560516,0.262310,0.190013,-0.008277,0.206167,0.103583,0.058240,0.187764,-0.002017,0.556535,0.409987
0.222380,-0.019338,0.239409,0.008480,0.491931,0.452905,0.047650,0.798919,0.477620,0.428919,0.012118,0.474559,0.208069,0.147095,-0.009530,0.201081,0.122380,0.067770,0.239409,0.000848,0.637896,0.452905
0.255861,-0.012016,0.296119,0.036468,0.538650,0.483256,0.049991,0.779340,0.444139,0.380108,0.000776,0.390595,0.161350,0.116744,-0.009998,0.220660,0.155861,0.079973,0.296119,0.003647,0.707975,0.483256
0.301309,-0.003691,0.353219,0.061473,0.573954,0.498480,0.048197,0.736622,0.398691,0.324609,-0.010644,0.315582,0.126046,0.101520,-0.009639,0.263378,0.201309,0.093848,0.353219,0.006147,0.760931,0.498480
0.354999,0.004950,0.405974,0.081408,0.594871,0.497259,0.042404,0.674225,0.345001,0.267001,-0.021195,0.255775,0.105129,0.102741,-0.008481,0.325775,0.254999,0.108250,0.405974,0.008141,0.792307,0.497259
0.412497,0.013190,0.449982,0.094599,0.599609,0.479633,0.033077,0.597262,0.287503,0.212067,-0.029996,0.216204,0.100391,0.120367,-0.006615,0.402738,0.312497,0.121983,0.449982,0.009460,0.799414,0.479633
0.469023,0.020340,0.481539,0.099919,0.587712,0.447009,0.020981,0.512098,0.230977,0.164397,-0.036308,0.200244,0.112288,0.152991,-0.004196,0.487902,0.369023,0.133901,0.481539,0.009992,0.781568,0.447009
0.519849,0.025800,0.497963,0.096895,0.560113,0.402061,0.007118,0.425819,0.180151,0.128001,-0.039593,0.209316,0.139887,0.197939,-0.001424,0.574181,0.419849,0.143000,0.497963,0.009689,0.740169,0.402061
0.560697,0.029104,0.497822,0.085749,0.519066,0.348506,-0.007359,0.345650,0.139303,0.105971,-0.039564,0.242753,0.180934,0.251494,0.001472,0.654350,0.460697,0.148507,0.497822,0.008575,0.678598,0.348506
0.588097,0.029968,0.481065,0.067388,0.467968,0.290813,-0.021236,0.278348,0.111903,0.100211,-0.036213,0.297836,0.232032,0.309187,0.004247,0.721652,0.488097,0.149947,0.481065,0.006739,0.601952,0.290813
0.599693,0.028310,0.449043,0.043331,0.411086,0.233823,-0.033341,0.229626,0.100307,0.111266,-0.029809,0.370008,0.288914,0.366177,0.006668,0.770374,0.499693,0.147184,0.449043,0.004333,0.516629,0.233823
0.594447,0.024260,0.404402,0.015587,0.353200,0.182350,-0.042647,0.203667,0.105553,0.138264,-0.020880,0.453239,0.346800,0.417650,0.008529,0.796333,0.494447,0.140434,0.404402,0.001559,0.429799,0.182350
0.572742,0.018153,0.350873,-0.013509,0.299203,0.140770,-0.048355,0.202750,0.127258,0.178980,-0.010175,0.540528,0.400797,0.459230,0.009671,0.797250,0.472742,0.130255,0.350873,-0.001351,0.348804,0.140770
0.536359,0.010498,0.292964,-0.041495,0.253691,0.112646,-0.049969,0.227046,0.163641,0.230011,0.001407,0.624484,0.446309,0.487354,0.009994,0.772954,0.436359,0.117497,0.292964,-0.004149,0.280537,0.112646
0.488332,0.001942,0.235587,-0.065982,0.220574,0.100429,-0.047333,0.274593,0.211668,0.287055,0.012883,0.697947,0.479426,0.499571,0.009467,0.725407,0.388332,0.103236,0.235587,-0.006598,0.230861,0.100429
0.432714,-0.006788,0.183668,-0.084850,0.202769,0.105263,-0.040649,0.341449,0.267286,0.345254,0.023266,0.754549,0.497231,0.494737,0.008130,0.658551,0.332714,0.088687,0.183668,-0.008485,0.204153,0.105263
0.374283,-0.014935,0.141742,-0.096428,0.201906,0.126826,-0.030472,0.421928,0.325717,0.399567,0.031652,0.789285,0.498094,0.473174,0.006094,0.578072,0.274283,0.075108,0.141742,-0.009643,0.202858,0.126826
0.318144,-0.021783,0.113520,-0.099674,0.218134,0.163303,-0.017679,0.509042,0.381856,0.445222,0.037296,0.799021,0.481866,0.436697,0.003536,0.490958,0.218144,0.063694,0.113520,-0.009967,0.227201,0.163303
0.269258,-0.026725,0.101531,-0.094277,0.250065,0.211510,-0.003393,0.595118,0.430742,0.478167,0.039694,0.782832,0.449935,0.388490,0.000679,0.404882,0.169258,0.055458,0.101531,-0.009428,0.275097,0.211510
0.231978,-0.029320,0.106848,-0.080716,0.294864,0.267167,0.011117,0.672498,0.468022,0.495466,0.038630,0.742148,0.405136,0.332833,-0.002223,0.327502,0.131978,0.051134,0.106848,-0.008072,0.342297,0.267167
0.209617,-0.029340,0.128961,-0.060220,0.348497,0.325273,0.024551,0.734272,0.490383,0.495600,0.034208,0.680659,0.351503,0.274727,-0.004910,0.265728,0.109617,0.051100,0.128961,-0.006022,0.422745,0.325273
0.204121,-0.026796,0.165799,-0.034667,0.406090,0.380586,0.035703,0.774948,0.495879,0.478638,0.026840,0.604000,0.293910,0.219414,-0.007141,0.225052,0.104121,0.055341,0.165799,-0.003467,0.509135,0.380586
0.215859,-0.021937,0.213916,-0.006409,0.462400,0.428118,0.043583,0.791005,0.484141,0.446244,0.017217,0.519226,0.237600,0.171882,-0.008717,0.208995,0.115859,0.063439,0.213916,-0.000641,0.593600,0.428118
0.243578,-0.015230,0.268814,0.021954,0.512318,0.463628,0.047507,0.781246,0.456422,0.401533,0.006237,0.434138,0.187682,0.136372,-0.009501,0.218754,0.143578,0.074617,0.268814,0.002195,0.668477,0.463628
0.284520,-0.007314,0.325381,0.047829,0.551374,0.484043,0.047173,0.746926,0.415480,0.348761,-0.005076,0.356512,0.148626,0.115957,-0.009435,0.253074,0.184520,0.087810,0.325381,0.004783,0.727061,0.484043
0.334699,0.001063,0.378400,0.068888,0.576176,0.487755,0.042687,0.691625,0.365301,0.292911,-0.015680,0.293336,0.123824,0.112245,-0.008537,0.308375,0.234699,0.101772,0.378400,0.006889,0.764264,0.487755
0.389299,0.009122,0.423066,0.083293,0.584744,0.474776,0.034550,0.620878,0.310701,0.239189,-0.024613,0.250122,0.115256,0.125224,-0.006910,0.379122,0.289299,0.115203,0.423066,0.008329,0.777115,0.474776
0.443164,0.016124,0.455461,0.089880,0.576691,0.446723,0.023604,0.541607,0.256836,0.192505,-0.031092,0.230361,0.123309,0.153277,-0.004721,0.458393,0.343164,0.126874,0.455461,0.008988,0.765036,0.446723
0.491323,0.021452,0.472936,0.088264,0.553245,0.406632,0.010946,0.461409,0.208677,0.156984,-0.034587,0.235208,0.146755,0.193368,-0.002189,0.538591,0.391323,0.135754,0.472936,0.008826,0.729868,0.406632
0.529485,0.024666,0.474358,0.078866,0.517094,0.358629,-0.002190,0.387772,0.170515,0.135561,-0.034872,0.263401,0.182906,0.241371,0.000438,0.612228,0.429485,0.141110,0.474358,0.007887,0.675641,0.358629
0.554459,0.025543,0.460190,0.062853,0.472083,0.307487,-0.014562,0.327325,0.145541,0.129713,-0.032038,0.311442,0.227917,0.292513,0.002912,0.672675,0.454459,0.142572,0.460190,0.006285,0.608125,0.307487
0.564453,0.024099,0.432404,0.041996,0.422794,0.258125,-0.025042,0.285182,0.135547,0.139342,-0.026481,0.374011,0.277206,0.341875,0.005008,0.714818,0.464453,0.140165,0.432404,0.004200,0.534191,0.258125
0.559215,0.020575,0.394235,0.018479,0.374053,0.215099,-0.032732,0.264463,0.140785,0.162834,-0.018847,0.444564,0.325947,0.384901,0.006546,0.735537,0.459215,0.134291,0.394235,0.001848,0.461080,0.215099
0.540003,0.015408,0.349803,-0.005349,0.330429,0.182147,-0.037048,0.266045,0.159997,0.197278,-0.009961,0.516048,0.369571,0.417853,0.007410,0.733955,0.440003,0.125681,0.349803,-0.000535,0.395643,0.182147
0.509406,0.009178,0.303658,-0.027215,0.295767,0.161834,-0.037766,0.288551,0.190594,0.238810,-0.000732,0.581646,0.404233,0.438166,0.007553,0.711449,0.409406,0.115297,0.303658,-0.002722,0.343651,0.161834
0.471010,0.002541,0.260286,-0.045159,0.272827,0.155333,-0.035034,0.328593,0.228990,0.283063,0.007943,0.635478,0.427173,0.444667,0.007007,0.671407,0.371010,0.104234,0.260286,-0.004516,0.309240,0.155333
0.428981,-0.003846,0.223645,-0.057724,0.263037,0.162372,-0.029335,0.381218,0.271019,0.325639,0.015271,0.673171,0.436963,0.437628,0.005867,0.618782,0.328981,0.093590,0.223645,-0.005772,0.294555,0.162372
0.387599,-0.009387,0.196774,-0.064080,0.266418,0.181333,-0.021422,0.440507,0.312401,0.362577,0.020645,0.692239,0.433582,0.418667,0.004284,0.559493,0.287599,0.084356,0.196774,-0.006408,0.299628,0.181333
0.350798,-0.013612,0.181530,-0.064080,0.281660,0.209497,-0.012222,0.500255,0.349202,0.390744,0.023694,0.692241,0.418340,0.390503,0.002444,0.499745,0.250798,0.077314,0.181530,-0.006408,0.322490,0.209497
0.321770,-0.016218,0.178451,-0.058237,0.306334,0.243401,-0.002729,0.554646,0.378230,0.408120,0.024310,0.674710,0.393666,0.356599,0.000546,0.445354,0.221770,0.072970,0.178451,-0.005824,0.359501,0.243401
0.302670,-0.017091,0.186794,-0.047618,0.337233,0.279257,0.006110,0.598852,0.397330,0.413941,0.022641,0.642854,0.362767,0.320743,-0.001222,0.401148,0.202670,0.071515,0.186794,-0.004762,0.405849,0.279257
0.294457,-0.016305,0.204697,-0.033700,0.370764,0.313379,0.013489,0.629481,0.405543,0.408697,0.019061,0.601101,0.329236,0.286621,-0.002698,0.370519,0.194457,0.072826,0.204697,-0.003370,0.456146,0.313379
0.296878,-0.014097,0.229465,-0.018175,0.403370,0.342577,0.018825,0.644844,0.403122,0.393983,0.014107,0.554524,0.296630,0.257423,-0.003765,0.355156,0.196878,0.076504,0.229465,-0.001817,0.505056,0.342577
0.308590,-0.010836,0.257933,-0.002746,0.431918,0.364470,0.021802,0.645000,0.391410,0.372237,0.008413,0.508239,0.268082,0.235530,-0.004360,0.355000,0.208590,0.081941,0.257933,-0.000275,0.547877,0.364470
0.327401,-0.006961,0.286852,0.011056,0.454005,0.377676,0.022381,0.631609,0.372599,0.346406,0.002630,0.466833,0.245995,0.222324,-0.004476,0.368391,0.227401,0.088399,0.286852,0.001106,0.581007,0.377676
0.350591,-0.002935,0.313260,0.022033,0.468162,0.381881,0.020784,0.607599,0.349409,0.319564,-0.002652,0.433902,0.231838,0.218119,-0.004157,0.392401,0.250591,0.095109,0.313260,0.002203,0.602243,0.381881
0.375263,0.000816,0.334787,0.029420,0.473934,0.377772,0.017443,0.576720,0.324737,0.294561,-0.006957,0.411741,0.226066,0.222228,-0.003489,0.423280,0.275263,0.101360,0.334787,0.002942,0.610900,0.377772
0.398696,0.003942,0.349867,0.032930,0.471827,0.366859,0.012928,0.543038,0.301304,0.273718,-0.009973,0.401209,0.228173,0.233141,-0.002586,0.456962,0.298696,0.106571,0.349867,0.003293,0.607741,0.366859
0.418635,0.006208,0.357832,0.032738,0.463152,0.351214,0.007870,0.510427,0.281365,0.258617,-0.011566,0.401786,0.236848,0.248786,-0.001574,0.489573,0.318635,0.110346,0.357832,0.003274,0.594728,0.351214
0.433502,0.007500,0.358890,0.029406,0.449780,0.333170,0.002878,0.482147,0.266498,0.249998,-0.011778,0.411782,0.250220,0.266830,-0.000576,0.517853,0.333502,0.112501,0.358890,0.002941,0.574670,0.333170
0.442508,0.007834,0.353999,0.023774,0.433858,0.315014,-0.001529,0.460526,0.257492,0.247770,-0.010800,0.428678,0.266142,0.284986,0.000306,0.539474,0.342508,0.113057,0.353999,0.002377,0.550788,0.315014
0.445644,0.007331,0.344662,0.016825,0.417517,0.298716,-0.004972,0.446800,0.254356,0.251127,-0.008932,0.449524,0.282483,0.301284,0.000994,0.553200,0.345644,0.112218,0.344662,0.001683,0.526275,0.298716
0.443585,0.006190,0.332668,0.009547,0.402614,0.285736,-0.007243,0.441099,0.256415,0.258732,-0.006534,0.471359,0.297386,0.314264,0.001449,0.558901,0.343585,0.110317,0.332668,0.000955,0.503921,0.285736
0.437511,0.004655,0.319836,0.002808,0.390542,0.276907,-0.008303,0.442587,0.262489,0.268964,-0.003967,0.491575,0.309458,0.323093,0.001661,0.557413,0.337511,0.107759,0.319836,0.000281,0.485813,0.276907
0.428888,0.002977,0.307783,-0.002733,0.382119,0.272425,-0.008268,0.449702,0.271112,0.280154,-0.001557,0.508198,0.317881,0.327575,0.001654,0.550298,0.328888,0.104962,0.307783,-0.000273,0.473178,0.272425
0.419236,0.001378,0.297742,-0.006680,0.377571,0.271917,-0.007366,0.460467,0.280764,0.290811,0.000452,0.520041,0.322429,0.328083,0.001473,0.539533,0.319236,0.102297,0.297742,-0.000668,0.466356,0.271917
0.409921,0.000031,0.290465,-0.008914,0.376594,0.274579,-0.005892,0.472815,0.290079,0.299791,0.001907,0.526741,0.323406,0.325421,0.001178,0.527185,0.309921,0.100052,0.290465,-0.000891,0.464891,0.274579
0.401997,-0.000958,0.286199,-0.009556,0.378486,0.279359,-0.004156,0.484882,0.298003,0.306388,0.002760,0.528669,0.321514,0.320641,0.000831,0.515118,0.301997,0.098403,0.286199,-0.000956,0.467728,0.279359
0.396115,-0.001554,0.284743,-0.008916,0.382308,0.285142,-0.002441,0.495228,0.303885,0.310359,0.003051,0.526747,0.317692,0.314858,0.000488,0.504772,0.296115,0.097410,0.284743,-0.000892,0.473463,0.285142
0.392506,-0.001781,0.285556,-0.007408,0.387068,0.290920,-0.000961,0.502962,0.307494,0.311873,0.002889,0.522223,0.312932,0.309080,0.000192,0.497038,0.292506,0.097032,0.285556,-0.000741,0.480602,0.290920
0.391025,-0.001711,0.287903,-0.005474,0.391868,0.295922,0.000149,0.507770,0.308975,0.311404,0.002419,0.516421,0.308132,0.304078,-0.000030,0.492230,0.291025,0.097149,0.287903,-0.000547,0.487802,0.295922
0.391253,-0.001440,0.291006,-0.003509,0.396027,0.299677,0.000844,0.509841,0.308747,0.309601,0.001799,0.510527,0.303973,0.300323,-0.000169,0.490159,0.291253,0.097600,0.291006,-0.000351,0.494041,0.299677
0.392620,-0.001072,0.294173,-0.001810,0.399139,0.302029,0.001152,0.509733,0.307380,0.307148,0.001165,0.505430,0.300861,0.297971,-0.000230,0.490267,0.292620,0.098213,0.294173,-0.000181,0.498708,0.302029
0.394531,-0.000696,0.296894,-0.000549,0.401077,0.303087,0.001157,0.508197,0.305469,0.304641,0.000621,0.501647,0.298923,0.296913,-0.000231,0.491803,0.294531,0.098840,0.296894,-0.000055,0.501615,0.303087
0.396476,-0.000376,0.298887,0.000226,0.401949,0.303149,0.000967,0.506002,0.303524,0.302510,0.000223,0.499322,0.298051,0.296851,-0.000193,0.493998,0.296476,0.099373,0.298887,0.000023,0.502924,0.303149
0.398100,-0.000147,0.300086,0.000570,0.402022,0.302595,0.000693,0.503793,0.301900,0.300981,-0.000017,0.498289,0.297978,0.297405,-0.000139,0.496207,0.298100,0.099755,0.300086,0.000057,0.503032,0.302595
0.399231,-0.000013,0.300603,0.000602,0.401623,0.301793,0.000423,0.501997,0.300769,0.300090,-0.000121,0.498193,0.298377,0.298207,-0.000085,0.498003,0.299231,0.099978,0.300603,0.000060,0.502434,0.301793
0.399861,0.000041,0.300650,0.000462,0.401059,0.301031,0.000212,0.500801,0.300139,0.299723,-0.000130,0.498613,0.298941,0.298969,-0.000042,0.499199,0.299861,0.100069,0.300650,0.000046,0.501588,0.301031
0.400101,0.000046,0.300462,0.000275,0.400552,0.300471,0.000080,0.500176,0.299899,0.299695,-0.000092,0.499176,0.299448,0.299529,-0.000016,0.499824,0.300101,0.100076,0.300462,0.000027,0.500829,0.300471
0.400115,0.000028,0.300233,0.000121,0.400214,0.300154,0.000017,0.499963,0.299885,0.299811,-0.000047,0.499637,0.299786,0.299846,-0.000003,0.500037,0.300115,0.100047,0.300233,0.000012,0.500321,0.300154
0.400053,0.000010,0.300074,0.000034,0.400051,0.300027,-0.000000,0.499955,0.299947,0.299931,-0.000015,0.499898,0.299949,0.299973,0.000000,0.500045,0.300053,0.100017,0.300074,0.000003,0.500077,0.300027
0.400009,0.000001,0.300009,0.000004,0.400004,0.300001,-0.000001,0.499991,0.299991,0.299991,-0.000002,0.499989,0.299996,0.299999,0.000000,0.500009,0.300009,0.100002,0.300009,0.000000,0.500006,0.300001
0.400000,0.000000,0.300000,0.000000,0.400000,0.300000,0.000000,0.500000,0.300000,0.300000,0.000000,0.500000,0.300000,0.300000,0.000000,0.500000,0.300000,0.100000,0.300000,0.000000,0.500000,0.300000
0.400000,0.000000,0.300000,0.000000,0.400000,0.300000,0.000000,0.500000,0.300000,0.300000,0.000000,0.500000,0.300000,0.300000,0.000000,0.500000,0.300000,0.100000,0.300000,0.000000,0.500000,0.300000
0.400000,0.000000,0.300000,0.000000,0.400000,0.300000,0.000000,0.500000,0.300000,0.300000,0.000000,0.500000,0.300000,0.300000,0.000000,0.500000,0.300000,0.100000,0.300000,0.000000,0.500000,0.300000
0.400000,0.000000,0.300000,0.000000,0.400000,0.300000,0.000000,0.500000,0.300000,0.300000,0.000000,0.500000,0.300000,0.300000,0.000000,0.500000,0.300000,0.100000,0.300000,0.000000,0.500000,0.300000
0.400000,0.000000,0.300000,0.000000,0.400000,0.300000,0.000000,0.500000,0.300000,0.300000,0.000000,0.500000,0.300000,0.300000,0.000000,0.500000,0.300000,0.100000,0.300000,0.000000,0.500000,0.300000
0.400000,0.000000,0.300000,0.000000,0.400000,0.300000,0.000000,0.500000,0.300000,0.300000,0.000000,0.500000,0.300000,0.300000,0.000000,0.500000,0.300000,0.100000,0.300000,0.000000,0.500000,0.300000
0.400000,0.000000,0.300000,0.000000,0.400000,0.300000,0.000000,0.500000,0.300000,0.300000,0.000000,0.500000,0.300000,0.300000,0.000000,0.500000,0.300000,0.100000,0.300000,0.000000,0.500000,0.300000
0.400000,0.000000,0.300000,0.000000,0.400000,0.300000,0.000000,0.500000,0.300000,0.300000,0.000000,0.500000,0.300000,0.300000,0.000000,0.500000,0.300000,0.100000,0.300000,0.000000,0.500000,0.300000
0.400000,0.000000,0.300000,0.000000,0.400000,0.300000,0.000000,0.500000,0.300000,0.300000,0.000000,0.500000,0.300000,0.300000,0.000000,0.500000,0.300000,0.100000,0.300000,0.000000,0.500000,0.300000
0.400000,0.000000,0.300000,0.000000,0.400000,0.300000,0.000000,0.500000,0.300000,0.300000,0.000000,0.500000,0.300000,0.300000,0.000000,0.500000,0.300000,0.100000,0.300000,0.000000,0.500000,0.300000
0.400000,0.000000,0.300000,0.000000,0.400000,0.300000,0.000000,0.500000,0.300000,0.300000,0.000000,0.500000,0.300000,0.300000,0.000000,0.500000,0.300000,0.100000,0.300000,0.000000,0.500000,0.300000
0.400000,0.000000,0.300000,0.000000,0.400000,0.300000,0.000000,0.500000,0.300000,0.300000,0.000000,0.500000,0.300000,0.300000,0.000000,0.500000,0.300000,0.100000,0.300000,0.000000,0.500000,0.300000
0.400000,0.000000,0.300000,0.000000,0.400000,0.300000,0.000000,0.500000,0.300000,0.300000,0.000000,0.500000,0.300000,0.300000,0.000000,0.500000,0.300000,0.100000,0.300000,0.000000,0.500000,0.300000
0.400000,0.000000,0.300000,0.000000,0.400000,0.300000,0.000000,0.500000,0.300000,0.300000,0.000000,0.500000,0.300000,0.300000,0.000000,0.500000,0.300000,0.100000,0.300000,0.000000,0.500000,0.300000
0.400000,0.000000,0.300000,0.000000,0.400000,0.300000,0.000000,0.500000,0.300000,0.300000,0.000000,0.500000,0.300000,0.300000,0.000000,0.500000,0.300000,0.100000,0.300000,0.000000,0.500000,0.300000
0.400000,0.000000,0.300000,0.000000,0.400000,0.300000,0.000000,0.500000,0.300000,0.300000,0.000000,0.500000,0.300000,0.300000,0.000000,0.500000,0.300000,0.100000,0.300000,0.000000,0.500000,0.300000
0.400000,0.000000,0.300000,0.000000,0.400000,0.300000,0.000000,0.500000,0.300000,0.300000,0.000000,0.500000,0.300000,0.300000,0.000000,0.500000,0.300000,0.100000,0.300000,0.000000,0.500000,0.300000
0.400000,0.000000,0.300000,0.000000,0.400000,0.300000,0.000000,0.500000,0.300000,0.300000,0.000000,0.500000,0.300000,0.300000,0.000000,0.500000,0.300000,0.100000,0.300000,0.000000,0.500000,0.300000
0.400000,0.000000,0.300000,0.000000,0.400000,0.300000,0.000000,0.500000,0.300000,0.300000,0.000000,0.500000,0.300000,0.300000,0.000000,0.500000,0.300000,0.100000,0.300000,0.000000,0.500000,0.300000
0.400000,0.000000,0.300000,0.000000,0.400000,0.300000,0.000000,0.500000,0.300000,0.300000,0.000000,0.500000,0.300000,0.300000,0.000000,0.500000,0.300000,0.100000,0.300000,0.000000,0.500000,0.300000
0.400000,0.000000,0.300000,0.000000,0.400000,0.300000,0.000000,0.500000,0.300000,0.300000,0.000000,0.500000,0.300000,0.300000,0.000000,0.500000,0.300000,0.100000,0.300000,0.000000,0.500000,0.300000
0.400000,0.000000,0.300000,0.000000,0.400000,0.300000,0.000000,0.500000,0.300000,0.300000,0.000000,0.500000,0.300000,0.300000,0.000000,0.500000,0.300000,0.100000,0.300000,0.000000,0.500000,0.300000
0.400000,0.000000,0.300000,0.000000,0.400000,0.300000,0.000000,0.500000,0.300000,0.300000,0.000000,0.500000,0.300000,0.300000,0.000000,0.500000,0.300000,0.100000,0.300000,0.000000,0.500000,0.300000
0.400000,0.000000,0.300000,0.000000,0.400000,0.300000,0.000000,0.500000,0.300000,0.300000,0.000000,0.500000,0.300000,0.300000,0.000000,0.500000,0.300000,0.100000,0.300000,0.000000,0.500000,0.300000
0.400000,0.000000,0.300000,0.000000,0.400000,0.300000,0.000000,0.500000,0.300000,0.300000,0.000000,0.500000,0.300000,0.300000,0.000000,0.500000,0.300000,0.100000,0.300000,0.000000,0.500000,0.300000
0.400000,0.000000,0.300000,0.000000,0.400000,0.300000,0.000000,0.500000,0.300000,0.300000,0.000000,0.500000,0.300000,0.300000,0.000000,0.500000,0.300000,0.100000,0.300000,0.000000,0.500000,0.300000
0.400000,0.000000,0.300000,0.000000,0.400000,0.300000,0.000000,0.500000,0.300000,0.300000,0.000000,0.500000,0.300000,0.300000,0.000000,0.500000,0.300000,0.100000,0.300000,0.000000,0.500000,0.300000
0.400000,0.000000,0.300000,0.000000,0.400000,0.300000,0.000000,0.500000,0.300000,0.300000,0.000000,0.500000,0.300000,0.300000,0.000000,0.500000,0.300000,0.100000,0.300000,0.000000,0.500000,0.300000
0.400000,0.000000,0.300000,0.000000,0.400000,0.300000,0.000000,0.500000,0.300000,0.300000,0.000000,0.500000,0.300000,0.300000,0.000000,0.500000,0.300000,0.100000,0.300000,0.000000,0.500000,0.300000
0.400000,0.000000,0.300000,0.000000,0.400000,0.300000,0.000000,0.500000,0.300000,0.300000,0.000000,0.500000,0.300000,0.300000,0.000000,0.500000,0.300000,0.100000,0.300000,0.000000,0.500000,0.300000
0.400000,0.000000,0.300000,0.000000,0.400000,0.300000,0.000000,0.500000,0.300000,0.300000,0.000000,0.500000,0.300000,0.300000,0.000000,0.500000,0.300000,0.100000,0.300000,0.000000,0.500000,0.300000
0.400000,0.000000,0.300000,0.000000,0.400000,0.300000,0.000000,0.500000,0.300000,0.300000,0.000000,0.500000,0.300000,0.300000,0.000000,0.500000,0.300000,0.100000,0.300000,0.000000,0.500000,0.300000
0.400000,0.000000,0.300000,0.000000,0.400000,0.300000,0.000000,0.500000,0.300000,0.300000,0.000000,0.500000,0.300000,0.300000,0.000000,0.500000,0.300000,0.100000,0.300000,0.000000,0.500000,0.300000
0.400000,0.000000,0.300000,0.000000,0.400000,0.300000,0.000000,0.500000,0.300000,0.300000,0.000000,0.500000,0.300000,0.300000,0.000000,0.500000,0.300000,0.100000,0.300000,0.000000,0.500000,0.300000
0.400000,0.000000,0.300000,0.000000,0.400000,0.300000,0.000000,0.500000,0.300000,0.300000,0.000000,0.500000,0.300000,0.300000,0.000000,0.500000,0.300000,0.100000,0.300000,0.000000,0.500000,0.300000
0.400000,0.000000,0.300000,0.000000,0.400000,0.300000,0.000000,0.500000,0.300000,0.300000,0.000000,0.500000,0.300000,0.300000,0.000000,0.500000,0.300000,0.100000,0.300000,0.000000,0.500000,0.300000
0.400000,0.000000,0.300000,0.000000,0.400000,0.300000,0.000000,0.500000,0.300000,0.300000,0.000000,0.500000,0.300000,0.300000,0.000000,0.500000,0.300000,0.100000,0.300000,0.000000,0.500000,0.300000
0.400000,0.000000,0.300000,0.000000,0.400000,0.300000,0.000000,0.500000,0.300000,0.300000,0.000000,0.500000,0.300000,0.300000,0.000000,0.500000,0.300000,0.100000,0.300000,0.000000,0.500000,0.300000
0.400000,0.000000,0.300000,0.000000,0.400000,0.300000,0.000000,0.500000,0.300000,0.300000,0.000000,0.500000,0.300000,0.300000,0.000000,0.500000,0.300000,0.100000,0.300000,0.000000,0.500000,0.300000
0.400000,0.000000,0.300000,0.000000,0.400000,0.300000,0.000000,0.500000,0.300000,0.300000,0.000000,0.500000,0.300000,0.300000,0.000000,0.500000,0.300000,0.100000,0.300000,0.000000,0.500000,0.300000
0.400000,0.000000,0.300000,0.000000,0.400000,0.300000,0.000000,0.500000,0.300000,0.300000,0.000000,0.500000,0.300000,0.300000,0.000000,0.500000,0.300000,0.100000,0.300000,0.000000,0.500000,0.300000
0.400000,0.000000,0.300000,0.000000,0.400000,0.300000,0.000000,0.500000,0.300000,0.300000,0.000000,0.500000,0.300000,0.300000,0.000000,0.500000,0.300000,0.100000,0.300000,0.000000,0.500000,0.300000
0.400000,0.000000,0.300000,0.000000,0.400000,0.300000,0.000000,0.500000,0.300000,0.300000,0.000000,0.500000,0.300000,0.300000,0.000000,0.500000,0.300000,0.100000,0.300000,0.000000,0.500000,0.300000
0.400000,0.000000,0.300000,0.000000,0.400000,0.300000,0.000000,0.500000,0.300000,0.300000,0.000000,0.500000,0.300000,0.300000,0.000000,0.500000,0.300000,0.100000,0.300000,0.000000,0.500000,0.300000
0.400000,0.000000,0.300000,0.000000,0.400000,0.300000,0.000000,0.500000,0.300000,0.300000,0.000000,0.500000,0.300000,0.300000,0.000000,0.500000,0.300000,0.100000,0.300000,0.000000,0.500000,0.300000
0.400000,0.000000,0.300000,0.000000,0.400000,0.300000,0.000000,0.500000,0.300000,0.300000,0.000000,0.500000,0.300000,0.300000,0.000000,0.500000,0.300000,0.100000,0.300000,0.000000,0.500000,0.300000
0.400000,0.000000,0.300000,0.000000,0.400000,0.300000,0.000000,0.500000,0.300000,0.300000,0.000000,0.500000,0.300000,0.300000,0.000000,0.500000,0.300000,0.100000,0.300000,0.000000,0.500000,0.300000
0.400000,0.000000,0.300000,0.000000,0.400000,0.300000,0.000000,0.500000,0.300000,0.300000,0.000000,0.500000,0.300000,0.300000,0.000000,0.500000,0.300000,0.100000,0.300000,0.000000,0.500000,0.300000
0.400000,0.000000,0.300000,0.000000,0.400000,0.300000,0.000000,0.500000,0.300000,0.300000,0.000000,0.500000,0.300000,0.300000,0.000000,0.500000,0.300000,0.100000,0.300000,0.000000,0.500000,0.300000
0.400000,0.000000,0.300000,0.000000,0.400000,0.300000,0.000000,0.500000,0.300000,0.300000,0.000000,0.500000,0.300000,0.300000,0.000000,0.500000,0.300000,0.100000,0.300000,0.000000,0.500000,0.300000
0.400000,0.000000,0.300000,0.000000,0.400000,0.300000,0.000000,0.500000,0.300000,0.300000,0.000000,0.500000,0.300000,0.300000,0.000000,0.500000,0.300000,0.100000,0.300000,0.000000,0.500000,0.300000
0.400000,0.000000,0.300000,0.000000,0.400000,0.300000,0.000000,0.500000,0.300000,0.300000,0.000000,0.500000,0.300000,0.300000,0.000000,0.500000,0.300000,0.100000,0.300000,0.000000,0.500000,0.300000
0.400000,0.000000,0.300000,0.000000,0.400000,0.300000,0.000000,0.500000,0.300000,0.300000,0.000000,0.500000,0.300000,0.300000,0.000000,0.500000,0.300000,0.100000,0.300000,0.000000,0.500000,0.300000
0.400000,0.000000,0.300000,0.000000,0.400000,0.300000,0.000000,0.500000,0.300000,0.300000,0.000000,0.500000,0.300000,0.300000,0.000000,0.500000,0.300000,0.100000,0.300000,0.000000,0.500000,0.300000
0.400000,0.000000,0.300000,0.000000,0.400000,0.300000,0.000000,0.500000,0.300000,0.300000,0.000000,0.500000,0.300000,0.300000,0.000000,0.500000,0.300000,0.100000,0.300000,0.000000,0.500000,0.300000
0.400000,0.000000,0.300000,0.000000,0.400000,0.300000,0.000000,0.500000,0.300000,0.300000,0.000000,0.500000,0.300000,0.300000,0.000000,0.500000,0.300000,0.100000,0.300000,0.000000,0.500000,0.300000
0.400000,0.000000,0.300000,0.000000,0.400000,0.300000,0.000000,0.500000,0.300000,0.300000,0.000000,0.500000,0.300000,0.300000,0.000000,0.500000,0.300000,0.100000,0.300000,0.000000,0.500000,0.300000
0.400000,0.000000,0.300000,0.000000,0.400000,0.300000,0.000000,0.500000,0.300000,0.300000,0.000000,0.500000,0.300000,0.300000,0.000000,0.500000,0.300000,0.100000,0.300000,0.000000,0.500000,0.300000
0.400000,0.000000,0.300000,0.000000,0.400000,0.300000,0.000000,0.500000,0.300000,0.300000,0.000000,0.500000,0.300000,0.300000,0.000000,0.500000,0.300000,0.100000,0.300000,0.000000,0.500000,0.300000
0.400000,0.000000,0.300000,0.000000,0.400000,0.300000,0.000000,0.500000,0.300000,0.300000,0.000000,0.500000,0.300000,0.300000,0.000000,0.500000,0.300000,0.100000,0.300000,0.000000,0.500000,0.300000
0.400000,0.000000,0.300000,0.000000,0.400000,0.300000,0.000000,0.500000,0.300000,0.300000,0.000000,0.500000,0.300000,0.300000,0.000000,0.500000,0.300000,0.100000,0.300000,0.000000,0.500000,0.300000
0.400000,0.000000,0.300000,0.000000,0.400000,0.300000,0.000000,0.500000,0.300000,0.300000,0.000000,0.500000,0.300000,0.300000,0.000000,0.500000,0.300000,0.100000,0.300000,0.000000,0.500000,0.300000
0.400000,0.000000,0.300000,0.000000,0.400000,0.300000,0.000000,0.500000,0.300000,0.300000,0.000000,0.500000,0.300000,0.300000,0.000000,0.500000,0.300000,0.100000,0.300000,0.000000,0.500000,0.300000
0.400000,0.000000,0.300000,0.000000,0.400000,0.300000,0.000000,0.500000,0.300000,0.300000,0.000000,0.500000,0.300000,0.300000,0.000000,0.500000,0.300000,0.100000,0.300000,0.000000,0.500000,0.300000
0.400000,0.000000,0.300000,0.000000,0.400000,0.300000,0.000000,0.500000,0.300000,0.300000,0.000000,0.500000,0.300000,0.300000,0.000000,0.500000,0.300000,0.100000,0.300000,0.000000,0.500000,0.300000
0.400000,0.000000,0.300000,0.000000,0.400000,0.300000,0.000000,0.500000,0.300000,0.300000,0.000000,0.500000,0.300000,0.300000,0.000000,0.500000,0.300000,0.100000,0.300000,0.000000,0.500000,0.300000
0.400000,0.000000,0.300000,0.000000,0.400000,0.300000,0.000000,0.500000,0.300000,0.300000,0.000000,0.500000,0.300000,0.300000,0.000000,0.500000,0.300000,0.100000,0.300000,0.000000,0.500000,0.300000
0.400000,0.000000,0.300000,0.000000,0.400000,0.300000,0.000000,0.500000,0.300000,0.300000,0.000000,0.500000,0.300000,0.300000,0.000000,0.500000,0.300000,0.100000,0.300000,0.000000,0.500000,0.300000
0.400000,0.000000,0.300000,0.000000,0.400000,0.300000,0.000000,0.500000,0.300000,0.300000,0.000000,0.500000,0.300000,0.300000,0.000000,0.500000,0.300000,0.100000,0.300000,0.000000,0.500000,0.300000
0.400000,0.000000,0.300000,0.000000,0.400000,0.300000,0.000000,0.500000,0.300000,0.300000,0.000000,0.500000,0.300000,0.300000,0.000000,0.500000,0.300000,0.100000,0.300000,0.000000,0.500000,0.300000
0.400000,0.000000,0.300000,0.000000,0.400000,0.300000,0.000000,0.500000,0.300000,0.300000,0.000000,0.500000,0.300000,0.300000,0.000000,0.500000,0.300000,0.100000,0.300000,0.000000,0.500000,0.300000
0.400000,0.000000,0.300000,0.000000,0.400000,0.300000,0.000000,0.500000,0.300000,0.300000,0.000000,0.500000,0.300000,0.300000,0.000000,0.500000,0.300000,0.100000,0.300000,0.000000,0.500000,0.300000
0.400000,0.000000,0.300000,0.000000,0.400000,0.300000,0.000000,0.500000,0.300000,0.300000,0.000000,0.500000,0.300000,0.300000,0.000000,0.500000,0.300000,0.100000,0.300000,0.000000,0.500000,0.300000
0.400000,0.000000,0.300000,0.000000,0.400000,0.300000,0.000000,0.500000,0.300000,0.300000,0.000000,0.500000,0.300000,0.300000,0.000000,0.500000,0.300000,0.100000,0.300000,0.000000,0.500000,0.300000
0.400000,0.000000,0.300000,0.000000,0.400000,0.300000,0.000000,0.500000,0.300000,0.300000,0.000000,0.500000,0.300000,0.300000,0.000000,0.500000,0.300000,0.100000,0.300000,0.000000,0.500000,0.300000
0.400000,0.000000,0.300000,0.000000,0.400000,0.300000,0.000000,0.500000,0.300000,0.300000,0.000000,0.500000,0.300000,0.300000,0.000000,0.500000,0.300000,0.100000,0.300000,0.000000,0.500000,0.300000
0.400000,0.000000,0.300000,0.000000,0.400000,0.300000,0.000000,0.500000,0.300000,0.300000,0.000000,0.500000,0.300000,0.300000,0.000000,0.500000,0.300000,0.100000,0.300000,0.000000,0.500000,0.300000
0.400000,0.000000,0.300000,0.000000,0.400000,0.300000,0.000000,0.500000,0.300000,0.300000,0.000000,0.500000,0.300000,0.300000,0.000000,0.500000,0.300000,0.100000,0.300000,0.000000,0.500000,0.300000
0.400000,0.000000,0.300000,0.000000,0.400000,0.300000,0.000000,0.500000,0.300000,0.300000,0.000000,0.500000,0.300000,0.300000,0.000000,0.500000,0.300000,0.100000,0.300000,0.000000,0.500000,0.300000
0.400000,0.000000,0.300000,0.000000,0.400000,0.300000,0.000000,0.500000,0.300000,0.300000,0.000000,0.500000,0.300000,0.300000,0.000000,0.500000,0.300000,0.100000,0.300000,0.000000,0.500000,0.300000
0.400000,0.000000,0.300000,0.000000,0.400000,0.300000,0.000000,0.500000,0.300000,0.300000,0.000000,0.500000,0.300000,0.300000,0.000000,0.500000,0.300000,0.100000,0.300000,0.000000,0.500000,0.300000
0.400000,0.000000,0.300000,0.000000,0.400000,0.300000,0.000000,0.500000,0.300000,0.300000,0.000000,0.500000,0.300000,0.300000,0.000000,0.500000,0.300000,0.100000,0.300000,0.000000,0.500000,0.300000
0.400000,0.000000,0.300000,0.000000,0.400000,0.300000,0.000000,0.500000,0.300000,0.300000,0.000000,0.500000,0.300000,0.300000,0.000000,0.500000,0.300000,0.100000,0.300000,0.000000,0.500000,0.300000
0.400000,0.000000,0.300000,0.000000,0.400000,0.300000,0.000000,0.500000,0.300000,0.300000,0.000000,0.500000,0.300000,0.300000,0.000000,0.500000,0.300000,0.100000,0.300000,0.000000,0.500000,0.300000
0.400000,0.000000,0.300000,0.000000,0.400000,0.300000,0.000000,0.500000,0.300000,0.300000,0.000000,0.500000,0.300000,0.300000,0.000000,0.500000,0.300000,0.100000,0.300000,0.000000,0.500000,0.300000
0.400000,0.000000,0.300000,0.000000,0.400000,0.300000,0.000000,0.500000,0.300000,0.300000,0.000000,0.500000,0.300000,0.300000,0.000000,0.500000,0.300000,0.100000,0.300000,0.000000,0.500000,0.300000
0.400000,0.000000,0.300000,0.000000,0.400000,0.300000,0.000000,0.500000,0.300000,0.300000,0.000000,0.500000,0.300000,0.300000,0.000000,0.500000,0.300000,0.100000,0.300000,0.000000,0.500000,0.300000
0.400000,0.000000,0.300000,0.000000,0.400000,0.300000,0.000000,0.500000,0.300000,0.300000,0.000000,0.500000,0.300000,0.300000,0.000000,0.500000,0.300000,0.100000,0.300000,0.000000,0.500000,0.300000
0.400000,0.000000,0.300000,0.000000,0.400000,0.300000,0.000000,0.500000,0.300000,0.300000,0.000000,0.500000,0.300000,0.300000,0.000000,0.500000,0.300000,0.100000,0.300000,0.000000,0.500000,0.300000
0.400000,0.000000,0.300000,0.000000,0.400000,0.300000,0.000000,0.500000,0.300000,0.300000,0.000000,0.500000,0.300000,0.300000,0.000000,0.500000,0.300000,0.100000,0.300000,0.000000,0.500000,0.300000
0.400000,0.000000,0.300000,0.000000,0.400000,0.300000,0.000000,0.500000,0.300000,0.300000,0.000000,0.500000,0.300000,0.300000,0.000000,0.500000,0.300000,0.100000,0.300000,0.000000,0.500000,0.300000
0.400000,0.000000,0.300000,0.000000,0.400000,0.300000,0.000000,0.500000,0.300000,0.300000,0.000000,0.500000,0.300000,0.300000,0.000000,0.500000,0.300000,0.100000,0.300000,0.000000,0.500000,0.300000
0.400000,0.000000,0.300000,0.000000,0.400000,0.300000,0.000000,0.500000,0.300000,0.300000,0.000000,0.500000,0.300000,0.300000,0.000000,0.500000,0.300000,0.100000,0.300000,0.000000,0.500000,0.300000
0.400000,0.000000,0.300000,0.000000,0.400000,0.300000,0.000000,0.500000,0.300000,0.300000,0.000000,0.500000,0.300000,0.300000,0.000000,0.500000,0.300000,0.100000,0.300000,0.000000,0.500000,0.300000
0.400000,0.000000,0.300000,0.000000,0.400000,0.300000,0.000000,0.500000,0.300000,0.300000,0.000000,0.500000,0.300000,0.300000,0.000000,0.500000,0.300000,0.100000,0.300000,0.000000,0.500000,0.300000
0.400000,0.000000,0.300000,0.000000,0.400000,0.300000,0.000000,0.500000,0.300000,0.300000,0.000000,0.500000,0.300000,0.300000,0.000000,0.500000,0.300000,0.100000,0.300000,0.000000,0.500000,0.300000
0.400000,0.000000,0.300000,0.000000,0.400000,0.300000,0.000000,0.500000,0.300000,0.300000,0.000000,0.500000,0.300000,0.300000,0.000000,0.500000,0.300000,0.100000,0.300000,0.000000,0.500000,0.300000
0.400000,0.000000,0.300000,0.000000,0.400000,0.300000,0.000000,0.500000,0.300000,0.300000,0.000000,0.500000,0.300000,0.300000,0.000000,0.500000,0.300000,0.100000,0.300000,0.000000,0.500000,0.300000
0.400000,0.000000,0.300000,0.000000,0.400000,0.300000,0.000000,0.500000,0.300000,0.300000,0.000000,0.500000,0.300000,0.300000,0.000000,0.500000,0.300000,0.100000,0.300000,0.000000,0.500000,0.300000
0.400000,0.000000,0.300000,0.000000,0.400000,0.300000,0.000000,0.500000,0.300000,0.300000,0.000000,0.500000,0.300000,0.300000,0.000000,0.500000,0.300000,0.100000,0.300000,0.000000,0.500000,0.300000
0.400000,0.000000,0.300000,0.000000,0.400000,0.300000,0.000000,0.500000,0.300000,0.300000,0.000000,0.500000,0.300000,0.300000,0.000000,0.500000,0.300000,0.100000,0.300000,0.000000,0.500000,0.300000
0.400000,0.000000,0.300000,0.000000,0.400000,0.300000,0.000000,0.500000,0.300000,0.300000,0.000000,0.500000,0.300000,0.300000,0.000000,0.500000,0.300000,0.100000,0.300000,0.000000,0.500000,0.300000
0.400000,0.000000,0.300000,0.000000,0.400000,0.300000,0.000000,0.500000,0.300000,0.300000,0.000000,0.500000,0.300000,0.300000,0.000000,0.500000,0.300000,0.100000,0.300000,0.000000,0.500000,0.300000
0.400000,0.000000,0.300000,0.000000,0.400000,0.300000,0.000000,0.500000,0.300000,0.300000,0.000000,0.500000,0.300000,0.300000,0.000000,0.500000,0.300000,0.100000,0.300000,0.000000,0.500000,0.300000
0.400000,0.000000,0.300000,0.000000,0.400000,0.300000,0.000000,0.500000,0.300000,0.300000,0.000000,0.500000,0.300000,0.300000,0.000000,0.500000,0.300000,0.100000,0.300000,0.000000,0.500000,0.300000
0.400000,0.000000,0.300000,0.000000,0.400000,0.300000,0.000000,0.500000,0.300000,0.300000,0.000000,0.500000,0.300000,0.300000,0.000000,0.500000,0.300000,0.100000,0.300000,0.000000,0.500000,0.300000
0.400000,0.000000,0.300000,0.000000,0.400000,0.300000,0.000000,0.500000,0.300000,0.300000,0.000000,0.500000,0.300000,0.300000,0.000000,0.500000,0.300000,0.100000,0.300000,0.000000,0.500000,0.300000
0.400000,0.000000,0.300000,0.000000,0.400000,0.300000,0.000000,0.500000,0.300000,0.300000,0.000000,0.500000,0.300000,0.300000,0.000000,0.500000,0.300000,0.100000,0.300000,0.000000,0.500000,0.300000
0.400000,0.000000,0.300000,0.000000,0.400000,0.300000,0.000000,0.500000,0.300000,0.300000,0.000000,0.500000,0.300000,0.300000,0.000000,0.500000,0.300000,0.100000,0.300000,0.000000,0.500000,0.300000
0.400000,0.000000,0.300000,0.000000,0.400000,0.300000,0.000000,0.500000,0.300000,0.300000,0.000000,0.500000,0.300000,0.300000,0.000000,0.500000,0.300000,0.100000,0.300000,0.000000,0.500000,0.300000
0.400000,0.000000,0.300000,0.000000,0.400000,0.300000,0.000000,0.500000,0.300000,0.300000,0.000000,0.500000,0.300000,0.300000,0.000000,0.500000,0.300000,0.100000,0.300000,0.000000,0.500000,0.300000
0.400000,0.000000,0.300000,0.000000,0.400000,0.300000,0.000000,0.500000,0.300000,0.300000,0.000000,0.500000,0.300000,0.300000,0.000000,0.500000,0.300000,0.100000,0.300000,0.000000,0.500000,0.300000
0.400000,0.000000,0.300000,0.000000,0.400000,0.300000,0.000000,0.500000,0.300000,0.300000,0.000000,0.500000,0.300000,0.300000,0.000000,0.500000,0.300000,0.100000,0.300000,0.000000,0.500000,0.300000
0.400000,0.000000,0.300000,0.000000,0.400000,0.300000,0.000000,0.500000,0.300000,0.300000,0.000000,0.500000,0.300000,0.300000,0.000000,0.500000,0.300000,0.100000,0.300000,0.000000,0.500000,0.300000
0.400000,0.000000,0.300000,0.000000,0.400000,0.300000,0.000000,0.500000,0.300000,0.300000,0.000000,0.500000,0.300000,0.300000,0.000000,0.500000,0.300000,0.100000,0.300000,0.000000,0.500000,0.300000
